{
    "polynomial": {
        "train_rmse": 13.723622118968953,
        "test_rmse": 11.620489763058908,
        "test_mae": 8.734152682709459,
        "test_r2": 0.8374470757996775,
        "hyperparams": {
            "degree": 2,
            "alpha": 7.579479953348009,
            "feature_subset": [
                "Trip_Distance_km",
                "Per_Km_Rate",
                "Trip_Duration_Minutes"
            ]
        }
    },
    "random_forest": {
        "train_rmse": 5.493795945130722,
        "test_rmse": 7.498931087661466,
        "test_mae": 5.3807639700556695,
        "test_r2": 0.9323068619913223,
        "hyperparams": {
            "n_estimators": 299,
            "max_depth": 13,
            "min_samples_split": 6,
            "min_samples_leaf": 1
        }
    },
    "xgboost": {
        "train_rmse": 4.586911414291272,
        "test_rmse": 7.198552315173615,
        "test_mae": 4.5413054516058375,
        "test_r2": 0.9376213097011521,
        "hyperparams": {
            "max_depth": 8,
            "learning_rate": 0.03918131591409241,
            "n_estimators": 167,
            "subsample": 0.6460211816566274,
            "colsample_bytree": 0.9700282199962534,
            "random_state": 42,
            "min_child_weight": 4,
            "lambda": 0.49253767676861326,
            "alpha": 0.6526812002249809
        }
    }
}