{
    "polynomial": {
        "train_rmse": 12.078582804519225,
        "test_rmse": 15.593636643356307,
        "test_mae": 9.133598557234912,
        "test_r2": 0.8959682966050936,
        "hyperparams": {
            "degree": 2,
            "alpha": 2.9154431891537547,
            "feature_subset": [
                "Trip_Distance_km",
                "Per_Km_Rate",
                "Trip_Duration_Minutes"
            ]
        }
    },
    "random_forest": {
        "train_rmse": 4.390940543341321,
        "test_rmse": 11.774889155110557,
        "test_mae": 6.278873908445939,
        "test_r2": 0.9406822670965502,
        "hyperparams": {
            "n_estimators": 240,
            "max_depth": 10,
            "min_samples_split": 4,
            "min_samples_leaf": 1
        }
    },
    "extra_trees": {
        "train_rmse": 3.8393301482068463,
        "test_rmse": 10.710047563735191,
        "test_mae": 5.779228529512512,
        "test_r2": 0.9509257480566176,
        "hyperparams": {
            "n_estimators": 126,
            "max_depth": 13,
            "min_samples_split": 5,
            "min_samples_leaf": 2
        }
    },
    "xgboost": {
        "train_rmse": 2.3824027752657475,
        "test_rmse": 16.255096520438006,
        "test_mae": 6.164907563400921,
        "test_r2": 0.8869553550023002,
        "hyperparams": {
            "max_depth": 4,
            "learning_rate": 0.07835884232668516,
            "n_estimators": 294,
            "subsample": 0.8775158550318126,
            "colsample_bytree": 0.9814532692105566,
            "min_child_weight": 3,
            "gamma": 0.7670608175089445,
            "reg_lambda": 0.2384658683369399,
            "reg_alpha": 0.15967129024987659,
            "random_state": 42,
            "n_jobs": -1
        }
    }
}