{
    "polynomial": {
        "train_rmse": 10.334709980550196,
        "test_rmse": 10.433785736876779,
        "test_mae": 7.8750964316870125,
        "test_r2": 0.7998005133282713,
        "hyperparams": {
            "degree": 2,
            "alpha": 7.579479953348009,
            "feature_subset": [
                "Trip_Distance_km",
                "Per_Km_Rate",
                "Trip_Duration_Minutes"
            ]
        }
    },
    "random_forest": {
        "train_rmse": 4.474462372601223,
        "test_rmse": 7.502213282980315,
        "test_mae": 5.296564159658895,
        "test_r2": 0.8964958066844773,
        "hyperparams": {
            "n_estimators": 126,
            "max_depth": 13,
            "min_samples_split": 5,
            "min_samples_leaf": 2
        }
    },
    "xgboost": {
        "train_rmse": 5.356988359718083,
        "test_rmse": 6.804506810276634,
        "test_mae": 4.376634756059212,
        "test_r2": 0.9148523948249407,
        "hyperparams": {
            "max_depth": 4,
            "learning_rate": 0.04378231588241702,
            "n_estimators": 149,
            "subsample": 0.6024730499293749,
            "colsample_bytree": 0.9312404495902852,
            "random_state": 42,
            "min_child_weight": 3,
            "lambda": 0.22475819755405224,
            "alpha": 0.447620252684598
        }
    }
}