{
    "polynomial": {
        "train_rmse": 11.197717099036714,
        "test_rmse": 13.91559769185609,
        "test_mae": 8.638144634012766,
        "test_r2": 0.9171534136593872,
        "hyperparams": {
            "degree": 3,
            "alpha": 1.0,
            "feature_subset": [
                "Trip_Distance_km",
                "Per_Km_Rate",
                "Trip_Duration_Minutes"
            ]
        }
    },
    "random_forest": {
        "train_rmse": 5.092568714032466,
        "test_rmse": 11.950668005274947,
        "test_mae": 6.268112201003555,
        "test_r2": 0.9388980243974094,
        "hyperparams": {
            "n_estimators": 100,
            "max_depth": 10,
            "min_samples_split": 5,
            "min_samples_leaf": 2
        }
    },
    "extra_trees": {
        "train_rmse": 1.518645551553762,
        "test_rmse": 10.478630146354881,
        "test_mae": 5.7156471459831915,
        "test_r2": 0.9530235804481791,
        "hyperparams": {
            "n_estimators": 200,
            "max_depth": 12,
            "min_samples_split": 2,
            "min_samples_leaf": 1
        }
    },
    "xgboost": {
        "train_rmse": 6.627971097445265,
        "test_rmse": 16.26898880043303,
        "test_mae": 6.468146178308314,
        "test_r2": 0.8867620471442724,
        "hyperparams": {
            "max_depth": 4,
            "learning_rate": 0.05,
            "n_estimators": 150,
            "subsample": 0.7,
            "colsample_bytree": 0.7,
            "min_child_weight": 5,
            "gamma": 0.1,
            "reg_lambda": 1.0,
            "reg_alpha": 0.5,
            "random_state": 42,
            "n_jobs": -1
        }
    }
}