Trip_Distance_km,Passenger_Count,Base_Fare,Per_Km_Rate,Per_Minute_Rate,Trip_Duration_Minutes,Trip_Price,Time_of_Day_evening,Time_of_Day_morning,Time_of_Day_nan,Time_of_Day_night,Day_of_Week_weekday,Day_of_Week_weekend,Traffic_Conditions_low,Traffic_Conditions_medium,Traffic_Conditions_nan,Weather_nan,Weather_rain,Weather_snow,split
-0.04505396447148103,1.404239875174671,-1.3142239836375142,-1.4804596901812648,1.1533810847244503,-1.1498004573816512,14.892,0,1,0,0,1,0,0,0,1,0,0,0,train
-0.4154761881066178,-0.4211391110977965,-1.2904882454575393,-0.1827848775624223,0.8967005517779986,-0.40069349217619743,43.9748,0,0,0,1,1,0,1,0,0,1,0,0,train
-0.4807422423046042,1.404239875174671,-0.9463200418479044,0.6050891158133038,1.581181972968537,-1.8006954554264925,31.829600000000003,0,0,0,1,1,0,0,1,0,0,0,0,train
-0.04505396447148103,1.404239875174671,0.8219924525602199,-0.2986487001176757,-0.9856233564959833,-0.037854835721713616,66.1816,1,0,0,0,1,0,0,1,0,0,0,0,train
0.8659306164523224,-0.4211391110977965,0.169259652610912,0.07211553205913632,1.6667421506173545,-1.779512482117341,62.8678,0,0,1,0,1,0,0,1,0,0,0,0,train
-1.090556367024722,-1.3338286042340304,-1.1718095545576652,-0.9243133419160465,-1.0711835341448004,0.4360339535352925,19.8829,0,1,0,0,0,1,0,1,0,0,0,0,train
-0.343733349904251,-0.4211391110977965,0.6795780234803708,0.18797935461439025,0.8111403741291812,0.8484600247816538,65.232,0,1,0,0,0,0,1,0,0,0,0,0,train
-0.42842975611537837,-0.4211391110977965,-1.1124702091077283,-0.7389312258276403,-0.04446140235899259,1.7676726847424162,53.4536,0,0,0,0,1,0,0,0,0,0,0,0,train
0.8270699124260403,0.49155038203843726,1.2255000016197917,0.04894276754808554,1.067820907075633,0.28967886521751746,88.9502,0,1,0,0,1,0,0,1,0,1,0,0,train
0.14800402027447127,1.404239875174671,-0.032494121918873874,-1.64266904175862,-1.2423038894424354,1.7538716566773631,36.4698,1,0,0,0,1,0,1,0,0,1,0,0,train
-0.35369763298791296,0.49155038203843726,-1.4447705436273757,-1.3645958676260108,-0.21558175765662696,-1.0419598659896065,23.0728,0,1,0,0,1,0,1,0,0,0,1,0,train
0.04288083374183662,0.49155038203843726,-0.9581879109378916,0.37336147070279596,-1.3278640670912525,1.2409869392830548,55.7598,0,1,0,0,1,0,0,0,0,0,0,0,train
-1.1528331362976099,0.49155038203843726,0.6083708089404458,1.369790344677979,-1.156743711793618,0.7001792116175927,25.095,1,0,0,0,1,0,1,0,0,0,0,0,train
-0.373127985001054,-1.3338286042340304,1.0593498343599683,0.2806704126585934,0.7255801964803638,-1.1093602356096341,41.5138,0,0,0,0,0,1,0,0,0,1,0,0,train
0.2800307711329934,0.49155038203843726,0.19299539079088684,-1.3414231031149602,1.6667421506173545,1.5333761617775572,78.64779999999999,0,1,0,0,1,0,0,0,0,0,0,0,train
0.20131293477206325,0.49155038203843726,1.178028525259842,1.5088269317442837,0.21221913058745967,-1.0923496661341032,72.2196,0,0,0,1,1,0,0,0,1,0,0,0,train
0.23319864063978185,0.49155038203843726,0.0031094853510881216,0.6514346448354054,-0.6433826459007138,-0.2386116509470827,62.9006,0,0,0,0,0,1,1,0,0,0,0,0,train
0.4280003749253752,-0.4211391110977965,-0.4478695400684333,-0.6925856968055387,0.9822607294268155,-0.9318725956102272,49.78730000000001,1,0,0,0,1,0,1,0,0,0,0,0,train
0.018966554341047673,-1.3338286042340304,0.0031094853510881216,-1.3877686321370617,0.4688996635339115,0.4376387242405312,46.9988,0,0,0,0,1,0,1,0,0,0,0,0,train
-0.44487082320342086,-0.4211391110977965,-1.5871849727072247,-0.32182146462872646,-0.8145030011983484,1.6887179660446694,45.03040000000001,0,0,0,0,0,1,1,0,0,0,0,0,train
-1.251479538825864,0.49155038203843726,-1.0412629945678038,-1.248732045070757,0.2977793082362771,-1.5558074458070577,8.6709,1,0,0,0,0,1,0,1,0,0,0,0,train
-0.08416377557485442,0.49155038203843726,-1.0887344709277536,1.39296310918903,0.8967005517779986,-1.0130739932953086,61.54940000000001,0,1,0,0,0,1,0,0,0,1,0,0,train
0.07775582453465395,-1.3338286042340304,-0.008758383738899036,-1.3877686321370617,-1.5845446000377048,-1.6694252117379618,22.5469,0,0,0,0,0,1,0,1,0,0,0,0,train
-0.5345493709563793,-0.4211391110977965,-0.8751128273079799,-0.15961211305137152,0.21221913058745967,-1.4194019358617627,27.6353,1,0,0,0,0,0,0,1,0,0,0,0,train
-0.04505396447148103,-0.4211391110977965,-1.6109207108871995,0.9295078189680148,1.4956217953197195,-0.6211889870760031,29.7551,1,0,0,0,1,0,1,0,0,0,0,0,train
-0.04505396447148103,-1.3338286042340304,-0.09183346736881072,-0.7157584613165895,1.7523023282661718,0.1690001081835629,60.077,0,1,0,0,0,1,0,1,0,0,0,0,train
-1.2729027474557375,-1.3338286042340304,-0.7683020054980934,1.1380626995674712,0.21221913058745967,-1.3330652719199174,12.5567,0,0,0,1,1,0,1,0,0,0,1,0,train
-0.6272172036344364,1.404239875174671,1.534064597959464,-0.02057552598506681,-0.13002158000780953,1.6444262945800796,54.42370000000001,0,0,0,0,0,1,0,1,0,0,0,0,train
0.4882842875815303,-0.4211391110977965,-0.5072088855183702,1.161235464078522,1.2389412623732678,-0.7206847708008064,84.4676,0,0,0,0,0,1,1,0,0,1,0,0,train
1.0069252220861404,-0.4211391110977965,0.5846350707604715,-1.1096954580044525,1.067820907075633,1.1844990104586504,80.81119999999999,0,0,0,0,1,0,1,0,0,0,1,0,train
-0.5973243543834503,-1.3338286042340304,1.7120826343092757,-0.34499422913977723,0.6400200188315464,0.06276428749675686,45.1203,0,1,0,0,1,0,0,0,1,0,0,0,train
0.16793258644179548,0.49155038203843726,0.9762747507300561,1.4161358737000806,-0.9000631788471659,0.029706010968838344,72.553,0,1,0,0,0,1,0,1,0,0,1,0,train
1.097101983993282,-1.3338286042340304,0.15739178352092484,-0.43768528718398036,-0.13002158000780953,-1.691250093329209,57.153000000000006,0,1,0,0,1,0,1,0,0,0,0,0,train
-1.1134742181171446,1.404239875174671,0.14552391443093715,-0.9938316354491986,0.6400200188315464,-0.13301773854237203,29.055300000000003,0,0,0,0,0,1,1,0,0,0,1,0,train
-0.722376107083409,-1.3338286042340304,-1.3260918527275014,-0.20595764207347306,0.8967005517779986,-0.1779513182890575,39.5698,1,0,0,0,1,0,1,0,0,0,0,0,train
-0.8539046437877482,-0.4211391110977965,-0.008758383738899036,-1.3645958676260108,-0.5578224682518964,-0.07556694729482441,23.694900000000004,0,1,0,0,1,0,0,0,1,0,0,0,train
-0.04505396447148103,-0.4211391110977965,-1.231148900007602,-0.9011405774049958,1.3245014400220851,0.5949062533539299,76.1018,0,0,0,0,0,1,0,1,0,0,0,0,train
-0.6331957734846336,1.404239875174671,0.7863888452902573,-0.9706588709381478,1.7523023282661718,1.0885337222853726,63.93,0,0,0,0,1,0,0,1,0,0,0,0,train
-1.1314099276677365,-1.3338286042340304,1.189896394349829,-0.32182146462872646,1.1533810847244503,-0.18051895141743948,33.8442,0,0,0,0,1,0,0,1,0,1,0,0,train
-0.04281200077765698,-1.3338286042340304,1.1068213107199179,-0.9474861064270971,1.3245014400220851,1.6832617456468575,77.4795,0,1,0,0,1,0,0,0,0,0,0,0,train
0.753334217606941,1.404239875174671,1.5221967288694769,1.6942090478326897,-1.3278640670912525,0.09165016019105428,96.7288,1,0,0,0,1,0,0,0,0,0,0,0,train
-1.096534936874919,-1.3338286042340304,1.4391216452395648,0.4660525287469991,-1.4989844223888873,0.8086617112917328,22.8002,0,0,1,0,1,0,1,0,0,0,0,0,train
-0.6361850584097323,-0.4211391110977965,0.0031094853510881216,-0.8316222838718434,-0.7289428235495312,-0.5785020863166521,25.1968,0,1,0,0,0,1,0,1,0,0,0,0,train
-1.1234385012008068,-1.3338286042340304,0.9406711434600935,1.5088269317442837,-0.13002158000780953,1.7740917675633714,46.1779,0,0,0,0,0,1,1,0,0,0,0,0,train
-1.2539706095967795,-1.3338286042340304,-0.839509220038018,-1.64266904175862,-0.9856233564959833,-1.5394387846136224,6.472899999999999,0,0,0,0,1,0,0,1,0,0,0,0,train
-0.683515403057127,-0.4211391110977965,-1.0412629945678038,-0.2523031710955741,-1.156743711793618,-0.32912071872254883,26.076,0,0,0,1,0,1,0,1,0,0,1,0,train
-0.032847717693994964,1.404239875174671,1.189896394349829,0.9295078189680148,-0.6433826459007138,-1.553881720960771,50.789,1,0,0,0,1,0,0,1,0,0,0,0,train
0.47533071957276973,1.404239875174671,0.513427856220547,1.369790344677979,-0.13002158000780953,1.4281032035138943,100.5938,0,1,0,0,0,1,1,0,0,0,0,0,train
0.8290627690427727,0.49155038203843726,1.7595541106692252,-0.043748290496117594,1.4100616176709027,-0.6548891718860173,76.9996,0,1,0,0,1,0,1,0,0,0,0,0,train
0.5510592710086015,-1.3338286042340304,0.9288032743701063,-1.3645958676260108,0.8967005517779986,0.11283313350020627,54.76660000000001,0,0,0,0,1,0,1,0,0,0,0,0,train
0.6776056661711095,-1.3338286042340304,0.513427856220547,1.39296310918903,0.8967005517779986,-0.8432892526810477,92.8432,0,1,0,0,0,1,0,0,0,1,0,0,train
-0.08615663219158697,0.49155038203843726,-0.530944623698345,-0.877967812893945,-1.156743711793618,-0.037854835721713616,39.066,0,1,0,0,1,0,0,0,0,0,0,0,train
-0.18131553564055958,0.49155038203843726,-1.5278456272572873,1.5551724607663848,-1.2423038894424354,-0.7418677441099581,52.9083,0,0,0,0,1,0,0,1,0,0,0,0,train
-1.158313491993624,1.404239875174671,-1.4685062818073504,1.5783452252774357,0.6400200188315464,1.6084794307827313,51.6226,0,0,0,0,0,1,1,0,0,0,0,1,train
0.8011627764085189,-1.3338286042340304,0.0031094853510881216,-0.9938316354491986,-0.9000631788471659,-1.6418231556078553,39.9195,0,1,0,0,1,0,1,0,0,0,0,0,train
0.2371843538732466,1.404239875174671,-1.0412629945678038,-0.22913040658452333,1.1533810847244503,1.6094422932058745,86.89770000000001,0,0,0,0,1,0,0,0,0,0,1,0,train
0.08024689530556932,0.49155038203843726,1.189896394349829,0.3501887061917457,0.9822607294268155,-0.35158750859589133,65.195,0,0,0,0,1,0,0,1,0,0,0,0,train
-0.04505396447148103,-0.4211391110977965,1.320442954339691,1.485654167233233,1.1533810847244503,-1.7644276374880965,45.89750000000001,1,0,0,0,0,0,1,0,0,0,0,0,train
-0.0582566395573331,-1.3338286042340304,1.593403943409401,-0.3913397581618788,-0.21558175765662696,1.4377318277453268,61.2287,0,0,0,0,1,0,1,0,0,1,0,0,train
0.5067182112863053,1.404239875174671,-1.5634492345272497,1.4393086382111315,1.581181972968537,-0.003673219700128083,101.0292,0,0,0,0,1,0,1,0,0,0,1,0,train
1.0532591384251688,-1.3338286042340304,0.12178817625096232,1.0221988770122175,0.8111403741291812,0.5413069117989553,114.9417,1,0,0,0,1,0,1,0,0,0,0,0,train
-1.2484902539007654,-0.4211391110977965,-1.2786203763675517,0.5123980577691006,-0.30114193530544436,-1.0438855908358928,13.4484,0,0,0,1,0,1,1,0,0,0,0,0,train
0.9675663039056753,0.49155038203843726,-0.4478695400684333,1.2307537576116745,-1.0711835341448004,-0.9029867229159296,90.7801,0,0,0,0,0,1,0,1,0,0,0,0,train
0.20529864800552816,-1.3338286042340304,-0.1511728128187481,-1.4109413966481126,0.6400200188315464,0.073997682433428,46.4367,1,0,0,0,1,0,0,1,0,1,0,0,train
0.31789504685090947,1.404239875174671,1.73581837248925,-0.6925856968055387,1.067820907075633,-0.4395289432429755,56.3682,0,0,0,0,1,0,0,0,0,0,1,0,train
-0.31134942988234937,1.404239875174671,1.3085750852497038,-1.2255592805597064,-0.9856233564959833,0.7027468447459746,34.3067,0,0,0,0,0,1,0,0,0,0,1,0,train
-0.029858432768896236,-0.4211391110977965,0.050580961711037806,-0.9243133419160465,1.2389412623732678,-0.7620878549959663,42.398,0,0,0,0,1,0,0,0,0,0,0,0,train
-0.9206653404482837,1.404239875174671,1.4391216452395648,1.4624814027221822,1.2389412623732678,0.8359428132807916,59.96039999999999,0,0,0,1,0,1,0,0,0,0,0,0,train
0.5684967664050101,-1.3338286042340304,-0.06809772918883587,-1.1792137515376049,-0.8145030011983484,-0.7598411760086321,38.6747,1,0,0,0,1,0,0,1,0,0,0,0,train
1.038312713799676,0.49155038203843726,1.1542927870798676,-0.02057552598506681,1.4100616176709027,-1.5882238140528806,68.63480000000001,0,0,1,0,1,0,1,0,0,0,0,0,train
-0.9729778266375098,1.404239875174671,0.7745209762002702,-0.669412932294488,-0.9856233564959833,1.2024724423573245,29.3753,0,0,0,0,1,0,0,1,0,0,0,0,train
0.8285645548885897,-0.4211391110977965,-1.0293951254778162,-0.5998946387613359,-0.04446140235899259,0.4026547228663261,66.5363,0,0,0,1,1,0,1,0,0,0,0,0,train
-1.158313491993624,-0.4211391110977965,0.7033137616603451,-1.3645958676260108,-1.2423038894424354,-1.0169254429878816,11.2613,1,0,0,0,0,1,0,0,0,0,1,0,train
0.1300683107238796,0.49155038203843726,0.7863888452902573,-1.526805219203366,1.3245014400220851,1.1366768434425354,64.86420000000001,0,1,0,0,1,0,0,1,0,0,0,0,train
-0.11854055221348857,0.49155038203843726,-0.530944623698345,-1.0401771644713003,1.067820907075633,0.32016950861705396,52.5934,0,0,0,0,0,1,1,0,0,0,1,0,train
0.937175240500506,1.404239875174671,0.7389173689303077,0.8136439964127609,-0.13002158000780953,0.6735400179106293,99.8989,0,0,0,0,1,0,0,1,0,0,0,0,train
-0.07818520572465731,-0.4211391110977965,1.605271812499389,-1.2950775740928586,-1.41342424474007,0.15231049284907947,30.5797,0,0,0,0,1,0,0,1,0,0,0,0,train
-0.04505396447148103,-1.3338286042340304,-0.1511728128187481,0.6514346448354054,0.12665895293864227,-0.12371006845198723,45.8161,0,0,0,1,1,0,0,1,0,0,0,0,train
-0.8210225096116632,-0.4211391110977965,0.0031094853510881216,1.6246907542995372,0.38333948588509453,-0.037854835721713616,41.9406,1,0,0,0,1,0,0,1,0,0,0,0,train
0.03939333466255489,-0.4211391110977965,-1.717731532697086,-1.4109413966481126,-0.9856233564959833,-1.448929716838156,22.2951,0,0,0,0,1,0,0,0,0,0,0,0,train
0.27704148620789504,1.404239875174671,0.7863888452902573,-1.2023865160486558,0.5544598411827288,-0.9581908351761429,38.8456,1,0,0,0,1,0,1,0,0,0,0,0,train
-1.2430098982047513,-0.4211391110977965,-0.04436199100886103,-0.8084495193607927,-0.9000631788471659,-0.9918910199861569,11.5061,0,0,1,0,1,0,1,0,0,0,0,0,train
-0.39803869271020914,0.49155038203843726,1.4035180379696033,-1.2255592805597064,-1.5845446000377048,0.6071025107137443,26.9741,0,1,0,0,1,0,0,1,0,0,0,0,train
0.8594538324479419,-0.4211391110977965,0.5371635944005217,-0.43768528718398036,-0.13002158000780953,-1.306747032354002,55.9143,0,0,0,0,1,0,1,0,0,1,0,0,train
0.5460771294667705,-1.3338286042340304,1.2729714779797412,-0.5535491097392343,0.6400200188315464,-1.0833629501847661,52.6453,1,0,0,0,1,0,0,1,0,0,0,0,train
-1.086072439637074,1.404239875174671,0.0031094853510881216,1.0917171705453697,-1.41342424474007,-0.254980312140518,19.145,0,1,0,0,1,0,0,0,0,0,0,0,train
0.6601681707747009,-1.3338286042340304,-1.4210348054474007,-0.7852767548497419,0.7255801964803638,-0.6391624189746773,54.1018,0,0,0,0,1,0,1,0,0,0,0,0,train
-0.30038871849032117,-1.3338286042340304,1.320442954339691,-1.526805219203366,1.1533810847244503,0.24795482688130974,46.61750000000001,0,1,0,0,1,0,1,0,0,0,0,0,train
-0.6660779076607184,1.404239875174671,-1.3260918527275014,0.3965342352138468,1.4100616176709027,1.3607028338938667,69.9337,0,0,0,0,1,0,0,0,1,0,0,0,train
0.6143324685898554,0.49155038203843726,1.6527432888593387,-1.5036324546923157,0.7255801964803638,-0.037854835721713616,31.0915,0,0,0,0,1,0,0,1,0,0,1,0,train
-0.7094225390746484,0.49155038203843726,1.320442954339691,-0.11326658402926994,1.2389412623732678,1.2881671980170744,64.9824,0,0,0,0,1,0,0,1,0,0,0,1,train
-0.0796798481872065,0.49155038203843726,-1.3260918527275014,-1.526805219203366,-0.7289428235495312,1.0461677756670695,36.7152,0,1,0,0,1,0,0,0,0,0,0,0,train
0.23319864063978185,1.404239875174671,1.1068213107199179,-0.4608580516950312,0.9822607294268155,-1.7031253965479758,40.8518,0,0,1,0,1,0,1,0,0,0,0,0,train
0.5904181891890665,-0.4211391110977965,-0.7445662673181186,-0.6462401677834374,-0.7289428235495312,0.2816550116913236,54.6348,0,1,0,0,1,0,1,0,0,0,0,1,train
0.4155450210707976,-0.4211391110977965,-0.1393049437287604,0.6977801738575069,1.4956217953197195,-0.037854835721713616,75.5657,0,0,0,0,1,0,1,0,0,0,1,0,train
0.8609484749104913,-1.3338286042340304,-1.19554529273764,0.8368167609238116,-1.5845446000377048,-0.31756636964482954,78.7809,1,0,0,0,1,0,0,1,0,0,1,0,train
0.5819485485679537,1.404239875174671,0.0031094853510881216,-0.32182146462872646,-0.13002158000780953,-0.012018027367369576,62.0444,0,0,0,0,1,0,0,1,0,0,0,0,train
-0.04505396447148103,-1.3338286042340304,-0.11556920554878555,-1.5036324546923157,0.8111403741291812,0.9806931308933279,57.9476,0,0,1,0,1,0,0,1,0,0,0,0,train
0.04587011866693535,-0.4211391110977965,1.0712177034499555,1.5319996962553342,-1.156743711793618,0.8259932349083116,71.6404,1,0,0,0,1,0,0,1,0,0,1,0,train
0.19035222338003505,-1.3338286042340304,-0.9463200418479044,-0.9938316354491986,0.4688996635339115,0.8686801356676626,58.5727,0,0,0,0,1,0,0,1,0,0,0,0,train
4.007013022225873,-1.3338286042340304,-1.7295994017870737,0.18797935461439025,-0.9856233564959833,0.559601297838677,322.7259960920446,0,1,0,0,0,1,0,0,0,0,0,0,train
-1.2136152631079482,-0.4211391110977965,-1.5871849727072247,-1.1328682225155033,1.3245014400220851,-0.9036286311980252,19.6645,0,1,0,0,1,0,1,0,0,0,0,0,train
0.9162502460248156,0.49155038203843726,0.7745209762002702,-1.0865226934934018,-0.5578224682518964,-0.3162825530806386,50.5038,0,1,0,0,1,0,0,1,0,0,1,0,train
-0.8992421318184104,-0.4211391110977965,1.4509895143295528,-1.665841806269671,-0.8145030011983484,1.7005932692634362,32.415000000000006,0,0,0,0,0,1,1,0,0,0,1,0,train
-1.027781383597651,1.404239875174671,-0.1393049437287604,1.3002720511448267,1.4956217953197195,-1.678411927687299,20.0083,0,0,0,0,1,0,1,0,0,0,0,0,train
1.005928793777774,1.404239875174671,1.5103288597794897,1.7405545768547912,-0.21558175765662696,1.0330086558841114,123.928,0,1,0,0,1,0,1,0,0,0,0,0,train
1.093116270759817,-0.4211391110977965,-1.337959721817489,-0.8316222838718434,0.8967005517779986,-0.46360050382155693,63.866,0,0,0,0,1,0,1,0,0,0,0,0,train
0.21875043016847193,-1.3338286042340304,-1.6346564490671742,1.2307537576116745,-0.9000631788471659,0.20783555925034072,70.7341,0,1,0,0,1,0,0,0,1,0,1,0,train
0.6397413904531938,0.49155038203843726,-0.1511728128187481,0.7209529383685577,-0.8145030011983484,0.13947232720716965,78.18800000000002,0,1,0,0,1,0,0,0,0,0,0,0,train
0.3263646874720219,1.404239875174671,0.0031094853510881216,-1.5963235127365185,-1.5845446000377048,-0.037854835721713616,29.2693,0,0,0,0,1,0,0,1,0,0,0,0,train
0.9805198719144359,1.404239875174671,1.5696682052294266,0.37336147070279596,0.5544598411827288,0.5576755729923908,98.3796,0,0,0,1,1,0,0,1,0,1,0,0,train
-0.809563584065452,-1.3338286042340304,-0.032494121918873874,-1.5731507482254676,-0.9856233564959833,-1.3006489036740945,13.3746,0,1,0,0,1,0,0,0,1,1,0,0,train
-1.2963188127023433,0.49155038203843726,0.15739178352092484,0.25749764814754256,1.4100616176709027,-0.788406094561882,22.718200000000003,0,0,1,0,0,1,0,1,0,0,0,0,train
0.8659306164523224,-0.4211391110977965,1.3797822997896279,-0.9011405774049958,-0.9856233564959833,-0.3320093059919785,51.1318,0,1,0,0,0,0,0,1,0,0,1,0,train
1.0961055556849157,1.404239875174671,1.676479027039313,-0.20595764207347306,-1.4989844223888873,-0.8217853252308482,65.084,0,1,0,0,0,0,0,0,0,0,1,0,train
-1.1508402796808774,1.404239875174671,-1.1124702091077283,-1.2023865160486558,-1.3278640670912525,0.12920179469364135,14.8186,0,0,0,0,0,1,0,0,1,0,0,0,train
1.0941126990681833,-1.3338286042340304,-1.254884638187577,0.4892252932580499,-1.3278640670912525,1.604948935231206,88.6814,1,0,0,0,1,0,1,0,0,0,0,0,train
-0.04505396447148103,-1.3338286042340304,0.15739178352092484,0.002597238525983974,-0.9856233564959833,0.4398854032278657,38.4514,0,0,0,0,1,0,0,1,0,0,0,0,train
0.16992544305852783,-1.3338286042340304,0.15739178352092484,0.25749764814754256,-1.41342424474007,1.5224637209819334,58.8121,0,1,0,0,1,0,1,0,0,0,0,0,train
-0.3940529794767444,-1.3338286042340304,-1.3142239836375142,-0.8316222838718434,-0.04446140235899259,-1.4518183041075858,24.0367,0,0,0,0,1,0,0,0,0,0,0,0,train
-0.11056912574655892,0.49155038203843726,0.43035277259063526,-0.4145125226729296,0.12665895293864227,-0.6436557769493458,43.069700000000005,0,0,0,1,1,0,0,0,0,0,1,0,train
-1.2813723880768502,0.49155038203843726,-0.2223800273586726,0.7209529383685577,1.2389412623732678,-0.03223813825337805,32.7396,0,0,0,0,1,0,1,0,0,0,0,0,train
5.611918649200558,-0.4211391110977965,1.5221967288694769,-1.1328682225155033,0.041098775289824835,-0.04347153319004919,320.958663578238,0,0,0,0,1,0,0,1,0,0,0,0,train
-0.9640099718622139,0.49155038203843726,0.0031094853510881216,-0.5535491097392343,1.1533810847244503,-0.3814362437133323,31.7102,0,0,0,0,1,0,0,0,0,0,0,0,train
-0.3138405006532649,0.49155038203843726,-0.3766623255285088,1.2075809931006236,-0.13002158000780953,-1.4271048352469091,44.7904,0,0,0,0,0,1,0,1,0,0,0,0,train
-0.01291915152667075,1.404239875174671,0.0031094853510881216,1.3466175801669282,-0.30114193530544436,0.6048558317264103,73.0726,0,0,0,0,0,0,0,1,0,0,0,0,train
0.6277842507527993,1.404239875174671,0.4540885107706101,-0.5072035807171328,-0.8145030011983484,-1.6851519646493016,45.782,0,0,0,0,1,0,1,0,0,0,0,0,train
0.6815913794045743,-0.4211391110977965,0.3235419507807482,-0.8547950483828942,-1.6701047776865219,-0.25016600002480177,44.101,0,0,0,0,1,0,0,1,0,0,0,0,train
0.9556091642052807,-0.4211391110977965,-1.7058636636070987,-0.877967812893945,-0.6433826459007138,0.7566671404419968,60.0264,0,1,0,0,1,0,1,0,0,0,1,0,train
0.5176789226783335,-0.4211391110977965,0.050580961711037806,-1.526805219203366,-1.4989844223888873,-0.5512209843275931,30.0888,1,0,0,0,1,0,0,1,0,0,0,1,train
-1.2689170342222726,-1.3338286042340304,-0.9463200418479044,-1.3877686321370617,-1.5845446000377048,-1.340126263022968,6.1269,0,1,0,0,0,1,1,0,0,0,0,0,train
-0.41896368718589955,-1.3338286042340304,-0.1511728128187481,-1.0170043999602494,0.8111403741291812,-0.26075748667937754,39.2366,0,0,0,1,1,0,1,0,0,0,0,0,train
-0.3078619308030676,-0.4211391110977965,-0.5428124927883327,0.0952882965701871,0.21221913058745967,-0.34966178374960477,46.1432,0,0,0,0,1,0,1,0,0,0,1,0,train
-1.2489884680549486,-1.3338286042340304,0.8931996671001439,1.3466175801669282,0.9822607294268155,-1.560621757922774,13.9334,0,1,0,0,0,1,1,0,0,0,0,0,train
-1.0497028063817075,0.49155038203843726,0.762653107110283,0.3501887061917457,-0.7289428235495312,0.5843147666993541,29.645000000000003,0,0,0,0,1,0,0,0,1,0,0,0,train
0.4125557361456989,-1.3338286042340304,0.513427856220547,-1.3877686321370617,-1.6701047776865219,1.3433713102772877,36.4388,0,0,0,1,0,1,0,0,0,0,1,0,train
-0.31483692896163107,-0.4211391110977965,-1.361695459997464,-0.8547950483828942,-0.8145030011983484,0.32883527042534316,34.726,0,0,0,0,1,0,1,0,0,0,1,0,train
0.5366110605372916,1.404239875174671,-0.1037013364587984,-1.3645958676260108,-0.21558175765662696,-0.3188501862090207,41.544,0,0,1,0,1,0,0,0,0,0,1,0,train
-0.04505396447148103,-1.3338286042340304,0.14552391443093715,-0.9706588709381478,-0.9000631788471659,1.533697115918605,60.7045,0,1,0,0,0,0,1,0,0,0,0,0,train
0.20081472061788025,-1.3338286042340304,0.14552391443093715,-0.8316222838718434,-0.9000631788471659,-1.082721041902671,36.0271,0,0,0,0,1,0,1,0,0,0,0,0,train
0.4872878592731643,0.49155038203843726,-0.12743707463877324,-1.0170043999602494,1.3245014400220851,-0.5881307105480846,52.0972,1,0,0,0,1,0,1,0,0,0,0,0,train
0.026439766653794317,-1.3338286042340304,-1.1836774236476528,-1.3182503386039093,-1.5845446000377048,1.1402073389940608,31.3844,0,0,1,0,0,1,1,0,0,0,0,0,train
0.8729056146108859,-1.3338286042340304,0.43035277259063526,-1.4804596901812648,1.7523023282661718,0.4787208542946435,68.4404,0,0,0,0,1,0,0,1,0,0,0,0,train
0.6382467479906445,-0.4211391110977965,-0.4478695400684333,1.5319996962553342,-0.6433826459007138,0.11315408764125373,93.1014,0,0,0,0,1,0,0,1,0,0,1,0,train
0.38615038597399437,0.49155038203843726,-0.2579836346286346,0.3270159416806949,1.3245014400220851,-0.6256823450506717,70.2411,0,0,0,0,1,0,1,0,0,0,1,0,train
0.1450147353493727,1.404239875174671,0.18112752170089969,-1.2719048095818077,0.9822607294268155,-0.6584196674375425,41.0174,0,0,0,0,0,1,0,1,0,0,0,0,train
0.21077900370154226,0.49155038203843726,-1.480374150897338,1.161235464078522,1.067820907075633,-0.6991808433506069,73.5544,0,1,0,0,0,0,0,0,0,1,0,0,train
0.08672367930994979,1.404239875174671,-0.29358724189859714,-0.9243133419160465,-1.4989844223888873,-1.0387503245791287,30.698,0,1,0,0,1,0,0,0,0,0,0,0,train
-1.208134907411934,0.49155038203843726,1.0830855725399426,-1.4572869256702141,-1.156743711793618,-0.8198596003845618,12.1141,1,0,0,0,0,1,1,0,0,0,0,0,train
0.5799556919512213,-1.3338286042340304,-1.5634492345272497,0.7904712319017101,1.1533810847244503,0.08491012322905168,90.8983,1,0,0,0,0,1,1,0,0,0,0,0,train
-0.18829053379912306,-0.4211391110977965,-1.1480738163776902,-1.4341141611591632,0.38333948588509453,-0.7595202218675844,29.778,0,0,0,0,1,0,0,1,0,0,0,0,train
-0.9186724838315514,0.49155038203843726,0.2167311289708617,-0.34499422913977723,0.5544598411827288,-0.6426929145262026,28.4048,0,1,0,0,1,0,1,0,0,0,0,0,train
-0.8897760628889315,-1.3338286042340304,-1.5990528417972119,0.002597238525983974,1.1533810847244503,-0.8349444450138062,29.2945,0,0,0,0,1,0,1,0,0,0,0,0,train
-0.6441564848766619,1.404239875174671,-0.8276413509480303,0.5587435867912023,-0.7289428235495312,-1.20275789065453,29.0627,0,1,0,0,1,0,0,0,0,0,0,0,train
-0.020392363839417397,-0.4211391110977965,-1.2667525072775645,0.2343248836364918,-0.6433826459007138,-0.037854835721713616,44.7548,0,0,0,0,0,1,1,0,0,0,0,0,train
-1.222084903729061,-1.3338286042340304,0.5727672016704843,-0.5998946387613359,-0.9000631788471659,-1.621282090580799,8.920300000000001,0,1,0,0,1,0,1,0,0,0,0,1,train
-0.34124227913333544,0.49155038203843726,-0.5072088855183702,0.7672984673906593,-0.13002158000780953,-0.25241267901213604,50.07450000000001,1,0,0,0,1,0,0,1,0,0,0,1,train
0.2954754099126697,0.49155038203843726,1.1542927870798676,-0.2754759356066249,-0.9000631788471659,-0.32334354418368905,50.996100000000006,0,0,0,0,1,0,0,0,0,0,0,0,train
0.8524788342893784,-1.3338286042340304,1.5221967288694769,-0.9938316354491986,0.12665895293864227,0.05891283780418369,59.761300000000006,0,0,0,1,0,1,1,0,0,0,0,0,train
-0.48921188292571705,-0.4211391110977965,-1.1243380781977155,0.16480659010333945,1.6667421506173545,-0.32430640660683235,50.696,0,1,0,0,1,0,1,0,0,0,1,0,train
-0.7129100381539301,-1.3338286042340304,-0.3410587182585463,1.3234448156558776,-1.4989844223888873,1.3170530707113723,38.9635,0,1,0,0,1,0,1,0,0,0,0,0,train
-0.04505396447148103,-1.3338286042340304,0.31167408169076105,-0.15961211305137152,0.12665895293864227,0.8208579686515473,77.0499,1,0,0,0,1,0,0,1,0,0,0,0,train
0.8744002570734348,-1.3338286042340304,1.4509895143295528,-0.2523031710955741,0.2977793082362771,-1.1703415224087073,63.0611,0,0,0,1,1,0,1,0,0,0,1,0,train
-0.04505396447148103,0.49155038203843726,-1.136205947287703,0.5587435867912023,0.6400200188315464,-0.7672231212527305,85.6182,0,0,0,0,0,1,1,0,0,0,0,0,train
-0.21868159720429228,-0.4211391110977965,-1.4922420199873252,-1.063349928982351,-0.8145030011983484,-0.052458249139386286,31.8132,0,0,0,1,0,1,1,0,0,0,1,0,train
4.258318535663329,-0.4211391110977965,-0.18677642008871007,1.5783452252774357,-0.5578224682518964,0.528468746157045,233.00828520738887,0,0,0,0,1,0,0,0,0,0,0,1,train
-0.09661912942943199,1.404239875174671,-0.9225843036679297,-0.43768528718398036,0.9822607294268155,-0.4080754374202957,49.1871,1,0,0,0,1,0,1,0,0,0,0,1,train
-0.7044403975328173,-0.4211391110977965,0.33540981987073587,-1.248732045070757,0.6400200188315464,-0.3287997645815009,31.99,0,1,0,0,1,0,1,0,0,0,1,0,train
0.6482110310743063,-1.3338286042340304,-0.056229860098848714,1.5783452252774357,1.1533810847244503,0.7110916524132159,116.42059999999998,0,0,0,0,1,0,0,0,0,0,1,0,train
0.05633261590478037,-0.4211391110977965,-0.38853019461849597,0.025770003037034757,0.7255801964803638,-0.6718997413615482,53.8901,1,0,0,0,0,1,0,1,0,0,0,0,train
0.034411193120723965,-1.3338286042340304,-1.0768666018377657,0.025770003037034757,-1.2423038894424354,-0.10798331554064754,45.9215,0,0,0,0,1,0,0,1,0,0,0,0,train
0.009002271257385654,-1.3338286042340304,0.9406711434600935,-0.5998946387613359,1.6667421506173545,1.281106206914024,80.7576,0,0,0,0,0,1,1,0,0,0,0,0,train
-0.8813064222678187,1.404239875174671,-0.6496233145982192,1.6710362833216388,-0.30114193530544436,-0.6375576482694386,32.7178,0,1,0,0,0,1,0,1,0,0,0,0,train
-0.42394582872773046,0.49155038203843726,-1.4922420199873252,-0.8084495193607927,0.041098775289824835,1.159464587456926,48.1365,0,0,1,0,1,0,1,0,0,0,0,0,train
-0.04505396447148103,-0.4211391110977965,0.5965029398504587,0.9990261125011666,-1.0711835341448004,1.5279199413797453,37.355900000000005,0,1,0,0,1,0,1,0,0,0,0,0,train
-0.5704207900575627,1.404239875174671,1.0830855725399426,1.277099286633776,-0.7289428235495312,1.6935322781603859,56.716,0,1,0,0,1,0,1,0,0,0,0,0,train
-0.16935839594016502,0.49155038203843726,-0.47160527824840814,0.6977801738575069,1.1533810847244503,1.3080663547620353,83.7848,0,0,0,0,1,0,0,0,1,0,0,0,train
0.14650937781192208,-1.3338286042340304,1.178028525259842,0.9758533479901158,0.4688996635339115,-0.3374655263897903,72.2695,0,0,0,1,0,1,1,0,0,0,0,0,train
0.8714109721483365,-1.3338286042340304,0.38288129623068556,-1.64266904175862,-0.04446140235899259,-0.3095425161186357,41.9343,1,0,0,0,0,1,0,1,0,0,1,0,train
0.6751145954001938,-1.3338286042340304,-0.19864428917869775,0.9990261125011666,0.5544598411827288,-0.4558976044364108,88.1071,0,0,0,0,0,0,0,1,0,0,0,0,train
0.23220221233141586,-0.4211391110977965,0.3235419507807482,1.1148899350564205,0.38333948588509453,-1.7901039687719167,60.38660000000001,0,0,0,0,1,0,0,0,1,0,0,0,train
0.9964627248482951,-1.3338286042340304,0.0031094853510881216,1.4624814027221822,-1.2423038894424354,0.31118279266771687,102.885,1,0,0,0,1,0,0,0,1,0,0,0,train
0.7907002791706736,-0.4211391110977965,0.0031094853510881216,-1.0170043999602494,0.4688996635339115,1.0862870432980385,70.8329,0,1,0,0,1,0,1,0,0,0,1,0,train
0.20031650646369709,1.404239875174671,0.41848490350064754,-1.4804596901812648,-0.8145030011983484,-0.9408593115595644,28.6304,0,0,0,1,1,0,0,0,0,0,0,0,train
1.1274930473984512,0.49155038203843726,-0.5190767546083579,-0.669412932294488,0.5544598411827288,0.7865158755594379,80.7619,0,0,0,0,0,1,1,0,0,0,0,0,train
0.1674343722876123,0.49155038203843726,1.4747252525095271,-0.06692105500716837,-1.4989844223888873,-0.8654350884133425,45.5308,0,0,0,0,0,1,0,0,1,0,0,0,train
-0.5773957882161261,0.49155038203843726,-1.4566384127173633,1.485654167233233,0.6400200188315464,-0.037854835721713616,63.0548,1,0,0,0,1,0,1,0,0,0,0,0,train
0.6467163886117573,-1.3338286042340304,0.40661703441066044,-0.8084495193607927,-1.2423038894424354,-1.0608961603114238,43.31230000000001,0,1,0,0,0,1,0,1,0,0,0,0,train
0.8803788269236323,-1.3338286042340304,-0.8869806963979676,-0.6230674032723866,-0.4722622906030792,-0.9591536975992863,53.2857,0,0,0,0,1,0,0,0,0,0,0,0,train
0.7996681339459695,-0.4211391110977965,-0.6496233145982192,0.07211553205913632,-1.3278640670912525,-1.8135336210684025,58.0149,0,0,0,0,1,0,1,0,0,0,1,0,train
0.8156109868798288,1.404239875174671,1.3441786925196653,1.7405545768547912,1.2389412623732678,1.4955035731339226,138.6425,0,1,0,0,1,0,1,0,0,0,0,0,train
0.08223975192230187,-0.4211391110977965,1.0118783580000186,0.3965342352138468,-0.8145030011983484,0.8539162451794657,62.4379,0,0,1,0,1,0,1,0,0,0,0,0,train
-0.01590843645176948,-0.4211391110977965,-1.4329026745373885,-1.2719048095818077,-1.2423038894424354,-0.037854835721713616,25.6218,0,0,0,1,1,0,0,0,0,0,0,0,train
1.0358216430287603,-0.4211391110977965,-0.06809772918883587,-0.6230674032723866,0.38333948588509453,0.22035277075120308,72.6627,0,0,0,1,1,0,1,0,0,0,0,0,train
0.4813092894229672,1.404239875174671,-0.07996559827882356,1.6015179897884864,-1.3278640670912525,-0.037854835721713616,87.89620000000001,0,0,0,0,1,0,0,0,0,1,0,0,train
-1.21710276218723,-0.4211391110977965,1.6883468961293002,0.8368167609238116,0.041098775289824835,1.6469939277084615,43.60339999999999,1,0,0,0,0,1,0,1,0,0,0,1,train
0.18038794029637303,-1.3338286042340304,1.178028525259842,-0.877967812893945,-0.3867021129542618,-0.16511315264714724,44.7782,0,0,0,0,0,1,1,0,0,0,1,0,train
-0.04505396447148103,0.49155038203843726,-0.6852269218681812,-1.3645958676260108,0.21221913058745967,-1.2685534895693193,15.618000000000002,1,0,0,0,1,0,0,0,0,0,0,0,train
-0.9321242659944954,0.49155038203843726,-1.6465243181571614,-1.3877686321370617,-0.30114193530544436,-0.9241696962250814,16.1592,0,0,0,0,1,0,0,1,0,0,1,0,train
-1.1872099129362437,-1.3338286042340304,-0.7208305291381437,-1.4572869256702141,-1.4989844223888873,0.9839026723038052,16.1211,0,1,0,0,0,1,1,0,0,0,0,0,train
-0.8125528689905506,1.404239875174671,1.4865931215995143,-1.0865226934934018,-0.9856233564959833,-1.5458578674345773,15.5675,0,0,0,1,1,0,0,1,0,0,0,0,train
-0.557467222048802,-1.3338286042340304,1.320442954339691,1.2307537576116745,-1.3278640670912525,-0.037854835721713616,45.28790000000001,0,0,1,0,1,0,0,1,0,0,1,0,train
0.6930503049507858,-1.3338286042340304,-1.0293951254778162,0.9990261125011666,0.2977793082362771,1.4634081590291474,106.2963,1,0,0,0,1,0,1,0,0,0,0,0,train
0.972050231293323,1.404239875174671,0.4540885107706101,1.2539265221227252,-0.8145030011983484,-0.9838671664599631,92.6832,0,1,0,0,1,0,1,0,0,0,0,0,train
-0.21320124150827818,1.404239875174671,-1.337959721817489,0.21115211912544102,-0.4722622906030792,0.880876393027477,54.1212,0,1,0,0,0,1,0,1,0,0,1,0,train
-0.31134942988234937,0.49155038203843726,0.038713092621050646,-1.3182503386039093,0.5544598411827288,-0.8237110500771349,30.4015,1,0,0,0,0,1,0,0,0,0,0,0,train
0.9994520097733939,-0.4211391110977965,-0.5784161000582947,0.9758533479901158,-1.156743711793618,1.3539627969318635,97.4848,0,1,0,0,1,0,1,0,0,0,1,0,train
0.3542646801062758,-1.3338286042340304,1.1661606561698548,-0.48403081620608196,1.4100616176709027,-1.8186688873251666,41.834700000000005,0,0,0,0,1,0,0,0,0,0,0,0,train
-0.9425867632323406,0.49155038203843726,-1.717731532697086,-1.3645958676260108,1.3245014400220851,0.42480055859862137,41.30720000000001,1,0,0,0,0,1,1,0,0,0,0,0,train
-0.8693492825674243,-0.4211391110977965,-1.4091669363574135,0.0952882965701871,0.38333948588509453,-0.6561729884502082,28.9914,1,0,0,0,1,0,0,0,0,0,0,0,train
-0.43391011181139266,-1.3338286042340304,1.4747252525095271,-0.5535491097392343,0.5544598411827288,0.8102664819969715,54.49459999999999,0,0,0,0,1,0,0,1,0,0,0,0,train
0.13305759564897832,-1.3338286042340304,-0.23424789644865976,-0.3913397581618788,0.5544598411827288,0.6754657427569154,64.7971,0,0,1,0,1,0,0,0,0,0,0,0,train
-0.363163701917392,-0.4211391110977965,-0.19864428917869775,-0.8547950483828942,-1.2423038894424354,0.5201239384898038,32.155,1,0,0,0,1,0,0,1,0,0,0,1,train
0.04587011866693535,-0.4211391110977965,-0.4241338018884585,-0.11326658402926994,0.8967005517779986,1.3196207038397543,77.5496,0,0,0,0,1,0,1,0,0,0,1,0,train
0.8758948995359842,-0.4211391110977965,0.0031094853510881216,1.4161358737000806,1.067820907075633,1.3225092911091842,129.5356,1,0,0,0,0,0,0,0,0,0,0,0,train
0.878884184461083,0.49155038203843726,0.24046686715083654,0.2343248836364918,0.21221913058745967,-1.0904239412878167,72.13080000000001,1,0,0,0,0,1,0,0,0,0,0,0,train
-0.10160127097126309,1.404239875174671,0.08618456898100033,1.369790344677979,0.5544598411827288,-0.80156521434484,62.7976,1,0,0,0,0,1,0,1,0,0,1,0,train
-0.41248690318151926,1.404239875174671,1.0118783580000186,0.002597238525983974,-1.6701047776865219,1.7150362056105848,39.1976,0,0,0,0,0,1,0,1,0,0,0,0,train
0.6561824575412362,-1.3338286042340304,-0.18677642008871007,0.0952882965701871,-0.30114193530544436,-1.4669031487368303,58.6974,0,0,0,0,1,0,0,1,0,0,0,0,train
0.3268629016262053,1.404239875174671,0.09805243807098749,-1.063349928982351,-1.0711835341448004,-0.7248571746344272,36.09780000000001,1,0,0,0,0,1,1,0,0,0,0,0,train
-0.6277154177886195,0.49155038203843726,0.4540885107706101,1.6246907542995372,1.4956217953197195,-0.39106486794476497,55.71979999999999,1,0,0,0,0,1,0,1,0,0,0,0,train
0.4005985964453043,0.49155038203843726,1.1424249179898793,1.7637273413658419,1.4100616176709027,1.017923811254867,117.7468,0,1,0,0,1,0,0,0,1,0,0,0,train
3.755949171639628,-0.4211391110977965,-1.5159777581673002,1.3466175801669282,-0.5578224682518964,-0.2912481300789138,274.53508679715014,1,0,0,0,1,0,0,1,0,0,0,0,train
0.6656485264707149,-0.4211391110977965,0.15739178352092484,-1.3877686321370617,0.4688996635339115,1.1658836702778808,63.3579,1,0,0,0,1,0,0,0,0,0,0,0,train
-0.6202422054758729,-1.3338286042340304,0.8575960598301824,0.14163382559228868,0.7255801964803638,1.607516568359588,65.9698,0,0,0,0,0,1,0,1,0,0,0,0,train
-0.862872498563044,-0.4211391110977965,-1.5990528417972119,1.485654167233233,-0.6433826459007138,1.447039497835712,44.4294,0,0,0,0,0,1,1,0,0,0,0,0,train
-0.4443726090492377,-0.4211391110977965,1.7595541106692252,1.5783452252774357,-0.9856233564959833,-0.5685525079441718,48.027,0,0,0,0,1,0,1,0,0,0,1,0,train
-0.7657207384973389,-0.4211391110977965,1.5815360743194138,1.2075809931006236,-0.13002158000780953,-0.2601155783972819,40.839400000000005,1,0,0,0,0,1,0,1,0,0,1,0,train
0.48479678850224894,1.404239875174671,-0.2105121582686849,1.5088269317442837,-0.9856233564959833,-0.037854835721713616,76.46470000000001,1,0,0,0,0,1,1,0,0,0,0,0,train
0.18437365352983778,1.404239875174671,1.0712177034499555,-0.7852767548497419,1.2389412623732678,-0.7765307913431153,48.4496,1,0,0,0,1,0,1,0,0,0,0,0,train
0.37369503211941685,1.404239875174671,0.2760704744207991,0.5355708222801515,0.8967005517779986,-1.3045003533666675,62.895,1,0,0,0,1,0,1,0,0,0,0,0,train
-1.0213045995932706,-0.4211391110977965,-0.6852269218681812,-0.09009381951821915,-0.9856233564959833,1.2929815101327908,29.4658,0,0,0,1,0,1,0,0,0,0,0,0,train
-0.5943350694583517,0.49155038203843726,-0.4122659327984708,-0.5998946387613359,0.9822607294268155,0.3731269418899333,48.2267,1,0,0,0,0,1,0,1,0,0,0,0,train
0.37220038965686747,0.49155038203843726,1.5696682052294266,-0.22913040658452333,0.9822607294268155,0.8131550692664014,79.71459999999999,0,0,0,0,1,0,0,1,0,0,0,1,train
0.29846469483776844,-1.3338286042340304,0.7389173689303077,1.7173818123437403,-0.30114193530544436,-1.3651606860246928,74.59979999999999,1,0,0,0,1,0,0,0,0,0,0,0,train
-0.5056529500137593,-0.4211391110977965,1.1542927870798676,0.9063350544569639,-1.6701047776865219,1.4319546532064675,42.8661,0,0,0,0,1,0,1,0,0,0,1,0,train
-0.6969671852200708,-0.4211391110977965,-0.7801698745880805,1.6246907542995372,-0.9000631788471659,1.6739540755564724,50.2412,0,0,0,0,1,0,1,0,0,0,1,0,train
0.2725575588202469,-1.3338286042340304,0.0031094853510881216,-0.8547950483828942,-0.21558175765662696,1.4258565245265604,58.9648,0,0,0,0,0,1,0,1,0,0,0,0,train
0.3856521718198114,-0.4211391110977965,-1.5871849727072247,-1.2023865160486558,0.12665895293864227,0.7833063341489601,53.5767,0,0,0,0,1,0,0,0,1,0,1,0,train
-0.9694903275582281,0.49155038203843726,0.12178817625096232,1.6015179897884864,1.067820907075633,-0.20619528270125956,42.1098,0,0,0,0,1,0,0,1,0,0,0,0,train
0.8195967001132939,0.49155038203843726,-0.8276413509480303,0.14163382559228868,-0.30114193530544436,-0.6317804737305791,69.9316,0,0,0,0,1,0,0,1,0,0,0,0,train
0.2735539871286133,1.404239875174671,-1.2667525072775645,-0.09009381951821915,1.067820907075633,-0.9835462123189154,54.4414,0,0,0,1,1,0,0,1,0,0,0,0,train
0.9023002497076887,1.404239875174671,-1.6465243181571614,0.14163382559228868,-0.5578224682518964,-0.16800173991657713,73.4155,0,0,0,1,0,1,1,0,0,0,1,0,train
1.0328323581036618,-1.3338286042340304,1.1424249179898793,0.025770003037034757,-0.04446140235899259,0.9768416812007548,90.4747,0,0,0,0,0,1,0,0,0,0,0,0,train
-0.04505396447148103,0.49155038203843726,1.2017642634398162,0.37336147070279596,0.4688996635339115,-0.14778162903056866,73.587,0,0,1,0,0,0,1,0,0,0,0,0,train
-1.2230813320374272,0.49155038203843726,-0.8157734818580431,-0.22913040658452333,0.7255801964803638,-0.17698845586591422,27.4942,1,0,0,0,0,1,1,0,0,0,1,0,train
-0.33924942251660306,0.49155038203843726,0.26420260533081136,0.6050891158133038,0.8967005517779986,-0.46937767836041644,53.16,1,0,0,0,1,0,1,0,0,0,0,1,train
-1.2136152631079482,-1.3338286042340304,0.33540981987073587,-1.1328682225155033,-0.13002158000780953,-1.6800166983925375,8.729600000000001,0,0,0,0,1,0,1,0,0,0,0,0,train
0.6292788932153486,-0.4211391110977965,-0.9463200418479044,-1.4804596901812648,0.12665895293864227,-0.5836373525734163,39.538,0,0,0,0,1,0,0,0,0,0,0,0,train
-0.3990351210185753,0.49155038203843726,0.062448830801025486,-0.9706588709381478,0.21221913058745967,-0.267818477782428,36.2624,0,1,0,0,1,0,1,0,0,0,0,0,train
0.36721824811503634,1.404239875174671,1.593403943409401,-0.20595764207347306,-1.3278640670912525,-1.8138545752094504,44.88589999999999,1,0,0,0,1,0,1,0,0,0,0,0,train
0.11163438701910491,-0.4211391110977965,0.0031094853510881216,0.6514346448354054,-0.9856233564959833,-1.2242618181047293,52.2336,0,0,0,0,1,0,1,0,0,0,0,0,train
0.05284511682549882,0.49155038203843726,0.28793834351078623,-0.36816699365082806,0.9822607294268155,0.029706010968838344,59.74210000000001,0,0,0,1,1,0,0,1,0,0,0,1,train
-1.0417313799147778,-0.4211391110977965,-1.6346564490671742,1.184408228589573,1.4100616176709027,-0.582674490150273,33.5331,0,1,0,0,1,0,1,0,0,0,0,0,train
-0.9744724691000589,-0.4211391110977965,-0.29358724189859714,-1.3414231031149602,1.3245014400220851,-0.037854835721713616,32.9075,0,0,0,0,0,1,0,1,0,0,0,0,train
0.17490758460035893,1.404239875174671,-1.6939957945171111,1.4624814027221822,0.12665895293864227,-0.21036768653488042,76.4286,1,0,0,0,1,0,0,1,0,0,0,0,train
-0.6297082744053519,-0.4211391110977965,0.8219924525602199,1.6942090478326897,0.8111403741291812,-1.5676827490258243,38.0988,0,1,0,0,1,0,1,0,0,0,0,0,train
-0.04505396447148103,-1.3338286042340304,-0.5428124927883327,-0.5535491097392343,-0.4722622906030792,-0.037854835721713616,19.0904,0,0,0,0,1,0,0,1,0,0,0,0,train
-0.04679771401112172,0.49155038203843726,0.2998062126007734,1.485654167233233,-0.5578224682518964,1.119345319825957,75.22040000000001,1,0,0,0,1,0,0,0,0,0,0,0,train
4.425972846052954,1.404239875174671,-1.551581365437262,-0.8547950483828942,-0.3867021129542618,-1.3651606860246928,206.69956969976877,0,0,0,0,0,1,0,1,0,0,0,0,train
-0.7213796787750428,1.404239875174671,1.5459324670494512,-1.063349928982351,-0.9856233564959833,1.1543293212001617,32.2622,0,1,0,0,1,0,0,1,0,0,1,0,train
0.5027324980528406,1.404239875174671,1.676479027039313,-1.665841806269671,-1.5845446000377048,0.5027924148732249,32.2063,0,0,0,0,1,0,1,0,0,0,0,0,train
0.5301342765329111,-0.4211391110977965,1.2255000016197917,1.4624814027221822,-0.04446140235899259,-1.0223816633856935,83.6299,1,0,0,0,1,0,0,0,0,0,0,0,train
-0.931127837686129,-0.4211391110977965,1.5221967288694769,1.3234448156558776,1.4100616176709027,0.29513508561532925,53.1349,0,1,0,0,1,0,0,0,0,0,1,0,train
-0.37063691423013845,1.404239875174671,-0.2105121582686849,-0.5998946387613359,1.6667421506173545,0.7313117632992246,64.0787,0,1,0,0,1,0,1,0,0,0,0,0,train
-0.34223870744170176,-1.3338286042340304,-1.1836774236476528,1.0221988770122175,0.8111403741291812,1.11035860387662,74.2598,0,0,0,0,1,0,0,0,0,0,0,0,train
-0.04505396447148103,-0.4211391110977965,0.7151816307503334,-0.5072035807171328,0.5544598411827288,0.7749615264817189,51.9016,1,0,0,0,1,0,0,0,0,0,0,0,train
-0.2515637313803771,-0.4211391110977965,-0.4241338018884585,1.6710362833216388,0.12665895293864227,-1.1469118701122212,54.6247,0,0,0,0,1,0,1,0,0,0,0,0,train
0.5131949952906855,1.404239875174671,0.6083708089404458,0.3270159416806949,0.12665895293864227,1.3475437141109088,87.5241,1,0,0,0,1,0,0,1,0,0,0,0,train
-0.8703457108757905,-0.4211391110977965,-1.0649987327477786,0.3270159416806949,0.2977793082362771,0.23190711982892212,38.95910000000001,1,0,0,0,1,0,1,0,0,0,0,1,train
-0.46181010444564635,1.404239875174671,0.9644068816400689,-1.1560409870265542,-0.3867021129542618,-1.748058976294661,19.2698,0,1,0,0,1,0,0,1,0,0,0,0,train
-0.106085198358911,0.49155038203843726,0.513427856220547,0.30384317716964415,-1.41342424474007,1.221408736679142,51.0291,0,1,0,0,1,0,1,0,0,0,1,0,train
-1.251479538825864,-1.3338286042340304,1.1305570488998922,-1.6194962772475692,-1.3278640670912525,1.2868833814528837,19.9412,0,0,0,0,1,0,1,0,0,0,0,0,train
-1.032763525139482,1.404239875174671,0.6795780234803708,1.161235464078522,-0.3867021129542618,1.2554298756302038,40.8036,0,0,0,0,0,1,0,1,0,0,0,0,train
-1.1408759965972153,0.49155038203843726,-0.3410587182585463,-1.5963235127365185,0.041098775289824835,-0.05630969883195946,23.7068,0,0,0,0,0,1,0,1,0,0,0,0,train
0.11312902948165411,0.49155038203843726,-1.2786203763675517,1.2539265221227252,-0.13002158000780953,-1.7926716019002986,56.345600000000005,0,0,0,0,1,0,0,0,0,0,0,0,train
-0.04505396447148103,0.49155038203843726,-1.7533351399670485,-0.7157584613165895,-0.9000631788471659,-1.596568621720122,31.4168,0,0,0,0,1,0,0,1,0,0,1,0,train
-0.19227624703258778,1.404239875174671,-0.19864428917869775,-0.5072035807171328,-0.5578224682518964,-0.5871678481249415,36.9301,0,1,0,0,1,0,0,1,0,0,0,0,train
-0.519104732176703,0.49155038203843726,0.4896921180405721,1.647863518810588,1.067820907075633,1.2220506449612374,78.715,0,0,0,0,1,0,0,1,0,0,0,1,train
0.5286396340703617,-0.4211391110977965,0.10992030716097517,-0.20595764207347306,1.3245014400220851,1.6473148818495091,97.57659999999998,1,0,0,0,1,0,0,0,0,0,1,0,train
0.028432623270526685,1.404239875174671,0.762653107110283,-1.526805219203366,-0.8145030011983484,0.3590049596838318,34.4608,0,0,0,1,0,1,1,0,0,0,0,0,train
-1.0208063854390874,1.404239875174671,1.0000104889100303,1.5783452252774357,1.581181972968537,0.8741363560654745,60.315,0,1,0,0,0,0,0,0,0,0,0,0,train
1.0692019913590283,-0.4211391110977965,-1.4685062818073504,1.1148899350564205,-1.3278640670912525,1.270835674400496,99.5104,1,0,0,0,1,0,0,0,0,0,0,0,train
1.0622269932004647,1.404239875174671,-1.0887344709277536,-0.48403081620608196,-1.3278640670912525,-0.34420556335179314,58.9584,0,0,0,0,1,0,1,0,0,0,1,0,train
1.0064270079319573,-1.3338286042340304,-0.9937915182078542,-0.9243133419160465,-1.0711835341448004,1.6938532323014333,61.209,0,1,0,0,1,0,1,0,0,0,0,0,train
-0.20871731412063008,-0.4211391110977965,0.762653107110283,1.3234448156558776,0.4688996635339115,0.9919265258299991,78.1988,0,0,0,0,1,0,1,0,0,0,0,0,train
0.6835842360213067,1.404239875174671,-0.23424789644865976,1.1380626995674712,1.4100616176709027,-0.8121567009994157,90.5124,0,1,0,0,0,0,1,0,0,1,0,0,train
-1.299806311781625,-0.4211391110977965,1.1424249179898793,-1.3877686321370617,-1.156743711793618,-0.7758888830610197,11.3358,0,1,0,0,1,0,0,0,0,0,0,0,train
0.31042183453816297,-1.3338286042340304,0.18112752170089969,-1.5036324546923157,1.067820907075633,1.5901850447430093,69.7245,0,0,0,0,1,0,1,0,0,0,1,0,train
-0.2450869473759966,0.49155038203843726,-0.6021518382382696,0.07211553205913632,-0.5578224682518964,0.02938505682779043,45.5584,0,1,0,0,1,0,0,0,0,1,0,0,train
-0.857890357021213,0.49155038203843726,-0.9225843036679297,-0.36816699365082806,0.8967005517779986,-1.4739641398398806,19.974400000000003,1,0,0,0,1,0,0,0,0,0,1,0,train
1.005430579623591,-1.3338286042340304,0.4422206416806224,-0.8316222838718434,0.7255801964803638,-0.037854835721713616,68.4308,0,0,0,0,0,1,0,1,0,0,0,0,train
1.0532591384251688,1.404239875174671,-1.0887344709277536,-0.9243133419160465,-1.4989844223888873,-0.037854835721713616,50.7312,0,1,0,0,1,0,1,0,0,0,0,0,train
-1.2484902539007654,-1.3338286042340304,0.0031094853510881216,0.7441257028796086,1.4956217953197195,-0.7495706434951039,26.4327,0,1,0,0,0,1,0,1,0,0,0,1,train
-0.16188518362741855,-0.4211391110977965,-0.3647944564385211,-0.7389312258276403,-1.5845446000377048,-1.5972105300022177,26.263,1,0,0,0,0,0,0,1,0,0,0,0,train
-0.9211635546024671,0.49155038203843726,1.7239505033992628,-0.06692105500716837,0.6400200188315464,-1.1992273951030048,24.6913,0,0,0,1,1,0,1,0,0,0,0,0,train
-1.0656456593155668,1.404239875174671,1.4035180379696033,1.5551724607663848,0.21221913058745967,0.911687990568061,44.95569999999999,0,0,0,0,1,0,0,1,0,0,1,0,train
0.7777467111619131,1.404239875174671,1.6290075506793633,1.5783452252774357,0.7255801964803638,-0.09899659959131045,108.9734,0,0,0,0,0,1,1,0,0,0,0,0,train
-0.22117266797520765,0.49155038203843726,-1.4210348054474007,0.9063350544569639,-1.41342424474007,0.2036631554167201,48.11750000000001,0,1,0,0,1,0,0,0,1,0,0,0,train
0.5719842654842919,-0.4211391110977965,1.6883468961293002,0.2806704126585934,-0.3867021129542618,-0.38368292270066656,69.52810000000001,0,1,0,0,0,1,1,0,0,0,0,0,train
-0.9072135582853402,-0.4211391110977965,-1.6465243181571614,-0.877967812893945,1.581181972968537,0.6128796852526042,48.8108,0,0,0,0,1,0,0,1,0,0,0,1,train
-0.0632387810991642,1.404239875174671,0.4896921180405721,-0.8084495193607927,1.3245014400220851,0.0021039548387314475,54.62179999999999,0,0,1,0,1,0,0,1,0,0,1,0,train
-0.6177511347049575,-1.3338286042340304,0.33540981987073587,-0.7389312258276403,-1.0711835341448004,0.14428663932288566,28.5862,0,1,0,0,1,0,0,1,0,0,1,0,train
0.9042931063244211,1.404239875174671,0.24046686715083654,0.0952882965701871,1.2389412623732678,0.8680382273855667,100.305,1,0,0,0,1,0,0,1,0,0,1,0,train
-0.032847717693994964,-1.3338286042340304,-0.9344521727579168,0.21115211912544102,-0.9000631788471659,-0.2873966803863409,47.8069,0,1,0,0,0,1,0,1,0,0,0,0,train
-0.7338350326296204,0.49155038203843726,-0.7208305291381437,-0.22913040658452333,1.581181972968537,1.2849576566065972,66.10159999999999,0,1,0,0,1,0,1,0,0,1,0,0,train
-0.7343332467838035,0.49155038203843726,-0.4597374091584205,0.7672984673906593,-0.04446140235899259,-0.47451294461718035,36.4212,0,0,0,0,1,0,0,0,1,0,0,0,train
-0.4423797524325053,1.404239875174671,-0.7920377436780682,0.3501887061917457,0.8111403741291812,1.4200793499877007,69.6575,0,0,0,0,1,0,0,1,0,0,0,0,train
1.1045751963060286,-0.4211391110977965,0.7745209762002702,-0.06692105500716837,-1.156743711793618,-0.8291672704749466,68.9135,0,1,0,0,1,0,0,1,0,0,0,0,train
-0.2924172920233915,1.404239875174671,1.118689179809905,1.1380626995674712,-0.13002158000780953,-0.4802901191560399,54.4139,1,0,0,0,0,1,1,0,0,0,1,0,train
-1.129915285205187,1.404239875174671,-1.7533351399670485,0.04894276754808554,1.4956217953197195,1.1341092103141535,53.6582,0,0,0,0,0,1,0,1,0,0,1,0,train
-0.15640482793140445,-0.4211391110977965,0.8575960598301824,0.3965342352138468,1.4100616176709027,-0.037854835721713616,86.3292,0,0,0,0,0,1,0,1,0,0,0,0,train
-1.143865281522314,-0.4211391110977965,0.31167408169076105,1.6710362833216388,-1.6701047776865219,-0.5419133142372083,16.834,0,1,0,0,0,1,1,0,0,0,1,0,train
0.704509230496997,0.49155038203843726,-0.4478695400684333,0.581916351302253,1.067820907075633,0.9537329830453166,102.72459999999998,1,0,0,0,1,0,1,0,0,0,0,0,train
0.8704145438399702,0.49155038203843726,-1.5871849727072247,-0.2986487001176757,-0.9000631788471659,0.31695996720657665,64.7223,0,0,0,0,0,1,0,1,0,0,0,1,train
-1.0930474377956374,0.49155038203843726,0.40661703441066044,1.4393086382111315,-0.4722622906030792,0.2107241465197706,30.318,0,1,0,0,1,0,0,1,0,0,1,0,train
1.0158930768614363,1.404239875174671,0.3235419507807482,1.068544406034319,1.6667421506173545,-0.037854835721713616,94.6379,1,0,0,0,1,0,0,0,0,0,1,0,train
-0.04505396447148103,-1.3338286042340304,0.0031094853510881216,0.4660525287469991,1.581181972968537,-1.253468644940075,19.2572,0,0,0,1,1,0,0,0,0,0,0,0,train
-0.27497979662698285,1.404239875174671,-0.23424789644865976,-0.043748290496117594,-1.2423038894424354,1.668176901017613,46.639,1,0,0,0,1,0,1,0,0,0,0,0,train
-0.005445939213924282,-1.3338286042340304,0.2760704744207991,0.9295078189680148,0.041098775289824835,-0.037854835721713616,66.566,1,0,0,0,0,1,1,0,0,0,1,0,train
-1.1757509873900325,1.404239875174671,0.9525390125500807,0.7672984673906593,-1.156743711793618,0.41388811780299767,22.1476,0,1,0,0,1,0,0,0,1,0,0,0,train
0.12707902579878103,-1.3338286042340304,1.035614096179993,0.41970699972489756,-1.5845446000377048,-0.12082148118255759,52.678,0,0,0,0,0,0,1,0,0,0,0,0,train
-0.5250833020269003,1.404239875174671,1.7002147652192885,-0.1827848775624223,1.2389412623732678,0.9993084710740975,65.1668,1,0,0,0,1,0,1,0,0,0,0,1,train
0.8968198940116746,0.49155038203843726,-0.9581879109378916,-1.0401771644713003,-0.4722622906030792,0.2527691389970262,54.436800000000005,0,0,0,1,1,0,0,1,0,0,0,0,train
-0.19974945934533425,0.49155038203843726,0.09805243807098749,-1.4341141611591632,-0.4722622906030792,0.1487799972975542,33.632000000000005,0,0,0,1,0,0,1,0,0,0,1,0,train
0.8524788342893784,-0.4211391110977965,1.7120826343092757,1.1380626995674712,-0.4722622906030792,-0.09578705818083287,95.1969,1,0,0,0,1,0,0,0,0,0,0,0,train
0.6865735209464053,0.49155038203843726,0.7507852380202948,1.1380626995674712,-1.0711835341448004,-0.49377019308004555,82.44200000000001,1,0,0,0,0,1,0,1,0,0,1,0,train
0.09170582085178071,0.49155038203843726,0.2998062126007734,0.5355708222801515,-0.9856233564959833,0.4610683765370172,59.87539999999999,0,0,0,0,1,0,0,0,0,0,1,0,train
0.5261485632994464,-0.4211391110977965,-1.7652030090570356,-0.877967812893945,0.8111403741291812,1.6007765313975855,77.56840000000001,1,0,0,0,1,0,0,1,0,0,1,0,train
-0.683515403057127,1.404239875174671,0.31167408169076105,0.6514346448354054,-1.2423038894424354,1.2239763698075241,39.275,0,1,0,0,1,0,0,1,0,0,1,0,train
-0.03234950353981179,1.404239875174671,0.9406711434600935,0.8599895254348624,-0.8145030011983484,1.5731744752674788,69.0049,0,0,0,0,0,1,1,0,0,0,1,0,train
0.8071413462587163,0.49155038203843726,-1.480374150897338,-0.4145125226729296,-1.5845446000377048,0.8828021178737636,57.426100000000005,0,0,0,0,1,0,1,0,0,0,1,0,train
-0.7672153809598883,-0.4211391110977965,1.5459324670494512,0.6282618803243546,-0.21558175765662696,0.2739521123061777,41.71940000000001,1,0,0,0,1,0,0,1,0,0,0,1,train
0.2949771957584867,-1.3338286042340304,1.2373678707097788,1.485654167233233,1.067820907075633,-1.7278388654086527,69.9494,0,0,1,0,1,0,0,1,0,0,1,0,train
-0.04505396447148103,-0.4211391110977965,-1.4329026745373885,-0.762103990338691,-1.4989844223888873,0.40458044771261265,26.1176,0,0,0,0,1,0,0,0,0,0,1,0,train
-0.896751061047495,-1.3338286042340304,-1.3142239836375142,1.4624814027221822,-1.2423038894424354,-1.7682790871806695,20.7765,0,0,0,0,1,0,0,1,0,0,0,0,train
-0.9121956998271711,-0.4211391110977965,0.2760704744207991,-1.64266904175862,-0.9856233564959833,-0.0781345804232066,19.1069,0,0,0,0,0,1,0,1,0,0,0,0,train
-0.46081367613728014,-0.4211391110977965,-0.6852269218681812,0.9063350544569639,0.6400200188315464,0.4010499521610874,59.7113,1,0,0,0,0,0,1,0,0,0,1,0,train
-0.877320709034354,-1.3338286042340304,0.4540885107706101,-0.5303763452281836,0.041098775289824835,1.4008221015248357,45.2855,0,0,0,0,0,1,0,1,0,0,0,0,train
-0.8618760702546777,-0.4211391110977965,-1.3023561145475264,-0.13643934854032072,0.7255801964803638,-1.4816670392250268,20.1596,0,1,0,0,1,0,0,1,0,0,1,0,train
-1.1079938624211305,1.404239875174671,0.0031094853510881216,0.9295078189680148,0.8967005517779986,-0.037854835721713616,51.45840000000001,0,1,0,0,1,0,0,1,0,0,0,0,train
-0.6137654214714927,-1.3338286042340304,1.7714219797592123,1.3002720511448267,-1.5845446000377048,-1.5108738660603724,33.4311,0,1,0,0,1,0,1,0,0,0,0,0,train
-0.46778867429584364,0.49155038203843726,1.593403943409401,-0.9243133419160465,-1.2423038894424354,0.9521282123400779,33.3599,0,1,0,0,0,1,1,0,0,0,0,0,train
-1.1174599313506095,-1.3338286042340304,-1.5990528417972119,-0.34499422913977723,-0.04446140235899259,-1.7169264246130291,9.9494,1,0,0,0,0,1,0,1,0,0,0,0,train
-0.04505396447148103,0.49155038203843726,-0.8276413509480303,-0.4145125226729296,0.38333948588509453,-0.037854835721713616,66.85679999999999,0,1,0,0,1,0,0,0,0,0,0,1,train
-1.1493456372183282,0.49155038203843726,-1.7652030090570356,-0.5303763452281836,1.1533810847244503,-1.4200438441438583,13.9727,0,1,0,0,0,0,0,1,0,0,1,0,train
-0.9774617540251576,-1.3338286042340304,0.0031094853510881216,0.16480659010333945,-1.4989844223888873,-1.303858445084572,15.0994,0,0,0,0,1,0,1,0,0,0,0,0,train
-1.0297742402143832,1.404239875174671,-0.24611576553864745,1.5319996962553342,1.3245014400220851,-0.037854835721713616,44.6007,0,0,0,1,1,0,1,0,0,0,0,0,train
-1.2136152631079482,-0.4211391110977965,1.320442954339691,1.4161358737000806,0.2977793082362771,-0.4388870349608799,26.111700000000003,1,0,0,0,1,0,1,0,0,0,0,0,train
3.915178107907385,-0.4211391110977965,0.513427856220547,1.0917171705453697,0.21221913058745967,-1.256036278068457,201.869509186128,0,0,0,1,0,1,1,0,0,0,1,0,train
-1.187708127090427,1.404239875174671,0.4422206416806224,0.7209529383685577,-0.5578224682518964,0.8176484272410699,29.4228,1,0,0,0,1,0,0,1,0,0,1,0,train
-1.067140301778116,0.49155038203843726,-1.0412629945678038,0.07211553205913632,1.2389412623732678,1.5503867312530881,58.6618,0,0,0,1,1,0,1,0,0,0,0,0,train
-1.105004577496032,-0.4211391110977965,-1.2074131618276271,0.16480659010333945,-0.7289428235495312,-0.07556694729482441,21.7323,1,0,0,0,1,0,0,1,0,0,0,0,train
-0.9410921207697912,-0.4211391110977965,-0.2105121582686849,-0.15961211305137152,-0.8145030011983484,-0.0075246693927010265,25.4565,1,0,0,0,0,1,0,0,0,0,0,0,train
-0.046299499856938715,1.404239875174671,0.40661703441066044,0.4428797642359483,0.5544598411827288,-0.4315050897167817,58.65549999999999,0,0,0,0,0,1,0,1,0,0,0,0,train
0.291987910833388,-1.3338286042340304,-1.4210348054474007,1.0221988770122175,0.21221913058745967,-0.6786397783235507,70.5816,0,0,0,1,0,1,1,0,0,0,0,0,train
-0.5240868737185341,-0.4211391110977965,-1.5871849727072247,-0.48403081620608196,-1.4989844223888873,1.1511197797896844,30.942000000000004,0,1,0,0,0,1,0,1,0,0,0,1,train
0.21974685847683811,1.404239875174671,1.4984609906895014,-0.2523031710955741,1.6667421506173545,0.1584086215289867,72.9137,0,0,0,0,1,0,1,0,0,0,0,0,train
-1.3008027400899913,0.49155038203843726,0.5490314634905095,0.6282618803243546,0.12665895293864227,-1.5843723643603074,9.8005,0,0,1,0,1,0,1,0,0,0,1,0,train
-1.2026545517159202,-1.3338286042340304,0.833860321650207,-0.11326658402926994,0.041098775289824835,0.5910548036613568,32.151399999999995,0,0,0,0,1,0,0,1,0,0,0,0,train
0.61184139781894,1.404239875174671,-1.017527256387829,-0.11326658402926994,1.067820907075633,-1.3558530159343078,57.3952,0,0,0,0,1,0,0,1,0,0,1,0,train
0.5425896303874886,-1.3338286042340304,-0.020626252828886193,-0.09009381951821915,-1.0711835341448004,1.5202170419945995,67.24510000000001,0,1,0,0,0,0,1,0,0,0,1,0,train
-0.8708439250299735,-1.3338286042340304,0.7270494998403205,-0.8084495193607927,-0.9856233564959833,0.34038961950306224,25.8142,0,1,0,0,0,1,0,1,0,0,0,0,train
-0.6297082744053519,1.404239875174671,-0.7326983982281309,-0.34499422913977723,1.4956217953197195,-1.8343956402365065,20.9951,0,0,0,0,1,0,0,1,0,0,0,0,train
-0.2779690815520814,1.404239875174671,-0.4241338018884585,-1.526805219203366,-1.4989844223888873,0.9261309269152099,26.2692,0,0,0,0,1,0,0,0,1,0,0,0,train
-0.4692833167583928,-1.3338286042340304,0.2167311289708617,-1.2255592805597064,1.6667421506173545,0.7569880945830447,58.0861,0,1,0,0,1,0,0,0,0,0,0,0,train
0.14401830704100652,-0.4211391110977965,-1.337959721817489,-0.11326658402926994,1.581181972968537,-1.443794450581392,46.0189,1,0,0,0,0,1,0,1,0,0,0,0,train
-1.2026545517159202,0.49155038203843726,-0.8039056127680554,0.952680583479065,0.12665895293864227,1.0147142698443896,37.1504,0,0,0,0,1,0,1,0,0,0,1,0,train
-0.8055778708319873,0.49155038203843726,0.6439744162104083,-1.4341141611591632,0.041098775289824835,0.7008211198996881,35.964,0,0,1,0,1,0,1,0,0,0,0,0,train
0.9441502386590696,-1.3338286042340304,1.46285738341954,1.3466175801669282,0.4688996635339115,-0.037854835721713616,96.939,0,0,0,0,1,0,0,1,0,0,1,0,train
0.4130539502998819,1.404239875174671,1.0000104889100303,-1.2255592805597064,1.067820907075633,-0.8561274183229577,43.8543,0,0,0,1,0,1,1,0,0,0,1,0,train
-0.04505396447148103,0.49155038203843726,-0.3410587182585463,-0.43768528718398036,0.7255801964803638,0.34103152778515805,77.18900000000001,0,0,0,1,0,1,0,1,0,0,0,0,train
-0.9724796124833266,1.404239875174671,0.26420260533081136,-0.9243133419160465,0.041098775289824835,-0.26846038606452366,26.2988,0,1,0,0,1,0,0,1,0,1,0,0,train
-0.9983867485008479,1.404239875174671,-1.053130863657791,0.4892252932580499,0.8111403741291812,1.782115621089565,58.9867,0,0,0,0,1,0,0,1,0,0,0,0,train
-0.6506332688810422,0.49155038203843726,1.7595541106692252,-0.5303763452281836,0.6400200188315464,1.4775301412352484,59.181,0,0,0,1,1,0,0,0,0,0,0,0,train
-0.362665487763209,-1.3338286042340304,-0.839509220038018,-0.3913397581618788,1.067820907075633,-0.037854835721713616,49.5082,0,0,0,0,0,1,1,0,0,0,0,0,train
-1.264931320988808,-1.3338286042340304,-1.6939957945171111,1.7637273413658419,0.6400200188315464,0.2989865353079024,32.428200000000004,0,0,0,0,1,0,0,1,0,0,0,0,train
0.2511343501903735,1.404239875174671,0.9762747507300561,1.5319996962553342,-0.13002158000780953,-1.5724970611415405,68.9296,0,0,0,1,0,1,1,0,0,0,0,0,train
0.5655074814799115,-0.4211391110977965,-1.3023561145475264,0.07211553205913632,0.12665895293864227,1.6861503329162872,86.3545,0,0,0,0,1,0,0,1,0,0,1,0,train
0.7672842139240679,-0.4211391110977965,1.593403943409401,0.16480659010333945,-1.0711835341448004,0.1847268610949026,71.5568,0,0,0,0,1,0,0,1,0,0,1,0,train
-0.7084261107662821,0.49155038203843726,0.10992030716097517,-0.2523031710955741,-1.3278640670912525,-0.8673608132596291,23.105000000000004,0,0,1,0,1,0,1,0,0,0,0,0,train
-0.0741994924911924,-0.4211391110977965,1.0000104889100303,0.0952882965701871,-0.5578224682518964,1.6120099263342564,62.7959,0,0,0,0,1,0,0,0,1,0,1,0,train
-1.076108156553412,-0.4211391110977965,-0.6852269218681812,-0.669412932294488,-0.9856233564959833,-0.019079018470420088,19.3694,0,0,0,0,1,0,0,0,0,0,0,1,train
1.0034377230068587,-0.4211391110977965,1.04748196526998,-1.64266904175862,0.041098775289824835,1.0715231528098417,57.28,0,1,0,0,0,1,1,0,0,0,0,0,train
0.3806700302779803,-0.4211391110977965,1.1542927870798676,0.3270159416806949,-0.5578224682518964,-0.29189003836100946,64.2861,0,1,0,0,1,0,1,0,0,0,0,1,train
0.3911325275158255,1.404239875174671,0.513427856220547,-1.526805219203366,0.8111403741291812,1.5372276114701302,66.581,0,0,0,0,0,1,0,1,0,0,0,0,train
-0.04505396447148103,0.49155038203843726,0.5846350707604715,1.5088269317442837,-1.2423038894424354,1.2259020946538106,51.031000000000006,0,1,0,0,1,0,1,0,0,0,0,0,train
5.565197630140142,-0.4211391110977965,-0.839509220038018,1.39296310918903,-1.3278640670912525,-0.363783765955706,276.84059674137075,0,0,0,0,1,0,1,0,0,0,1,0,train
0.02145762511196322,-0.4211391110977965,-0.8751128273079799,-1.1560409870265542,1.1533810847244503,-0.4022982628814361,44.1197,1,0,0,0,1,0,1,0,0,0,0,0,train
-1.198668838482455,-0.4211391110977965,-0.3410587182585463,-0.2523031710955741,-0.3867021129542618,1.3812438989209228,33.183,0,0,0,0,0,1,1,0,0,0,0,0,train
-1.0272831694434679,1.404239875174671,1.391650168879615,0.5587435867912023,-1.0711835341448004,1.7827575293716604,34.5311,1,0,0,0,0,1,1,0,0,0,1,0,train
-0.9978885343466649,-0.4211391110977965,1.2967072161597155,0.6514346448354054,1.6667421506173545,-1.0531932609262775,29.9765,0,0,0,0,0,1,0,1,0,0,1,0,train
0.4882842875815303,-1.3338286042340304,-0.5546803618783198,-0.762103990338691,-0.5578224682518964,-0.5733668200598883,46.3014,1,0,0,0,0,1,0,1,0,0,0,1,train
-0.95055818969927,1.404239875174671,-0.3054551109885843,0.11846106108123788,1.6667421506173545,-1.6196773198755603,19.4986,0,0,0,1,1,0,0,1,0,0,0,1,train
0.49575749989427714,-0.4211391110977965,-0.4834731473383953,-0.6230674032723866,1.4100616176709027,-0.8516340603482891,54.9343,0,1,0,0,1,0,0,0,0,0,0,0,train
5.154010085229466,-1.3338286042340304,0.5015599871305598,-1.3645958676260108,-1.156743711793618,0.8391523546912694,328.8717691378544,0,0,0,0,1,0,0,0,0,0,0,0,train
-0.04505396447148103,1.404239875174671,-0.8157734818580431,-0.09009381951821915,1.067820907075633,0.9424995881086455,47.375,0,1,0,0,0,1,0,1,0,0,0,0,train
-0.16088875531905236,-1.3338286042340304,-0.16304068190873525,1.6246907542995372,0.12665895293864227,-1.23421139647721,57.0497,0,0,0,0,1,0,0,0,1,0,0,1,train
-0.9540456887785518,0.49155038203843726,-0.6377554455082315,0.3270159416806949,0.38333948588509453,1.0596478495910753,46.49680000000001,0,1,0,0,0,1,0,1,0,0,0,0,train
-0.04505396447148103,-0.4211391110977965,0.6558422853003955,-0.3913397581618788,1.4100616176709027,-1.7621809585007622,39.4771,0,0,0,0,1,0,0,1,0,0,0,0,train
-0.46629403183329426,-1.3338286042340304,-0.3291908491685591,0.9063350544569639,1.4100616176709027,-1.0669942889913309,45.513200000000005,0,0,0,1,1,0,0,0,1,0,0,0,train
-1.1109831473462293,-1.3338286042340304,-0.839509220038018,0.002597238525983974,1.581181972968537,0.688945816680921,49.11559999999999,0,1,0,0,1,0,0,1,0,1,0,0,train
0.04188440543347044,-0.4211391110977965,1.46285738341954,-0.43768528718398036,-0.6433826459007138,-1.513762453329802,37.086,0,1,0,0,0,1,1,0,0,0,0,0,train
-1.1867116987820607,-0.4211391110977965,-0.35292658734853394,-1.2023865160486558,-0.30114193530544436,-0.19977619988030465,20.2324,0,0,0,0,0,1,1,0,0,0,0,1,train
-0.8877832062721992,-1.3338286042340304,-1.6702600563371364,1.3234448156558776,0.2977793082362771,-0.6333852444358178,33.1785,0,0,0,0,0,1,0,0,1,0,1,0,train
0.31889147515927546,-1.3338286042340304,0.0031094853510881216,1.0221988770122175,1.7523023282661718,0.661022806409767,102.3316,1,0,0,0,1,0,1,0,0,0,1,0,train
0.9775305869893371,1.404239875174671,1.0593498343599683,1.6246907542995372,1.3245014400220851,-1.4912956634564596,101.6666,0,1,0,0,0,1,1,0,0,0,0,0,train
0.6252931799818835,1.404239875174671,0.169259652610912,0.25749764814754256,1.2389412623732678,-0.6269661616148626,75.4875,1,0,0,0,1,0,0,1,0,0,0,0,train
-0.771201094193353,-1.3338286042340304,0.28793834351078623,-1.1792137515376049,0.38333948588509453,-1.0172463971289294,22.544600000000003,0,0,0,0,1,0,0,0,1,1,0,0,train
0.1883593667633027,-0.4211391110977965,0.9288032743701063,-0.6925856968055387,0.4688996635339115,-1.7621809585007622,35.4798,0,0,1,0,0,1,1,0,0,0,0,0,train
-0.8563957145586636,-1.3338286042340304,0.0031094853510881216,0.4428797642359483,-0.3867021129542618,1.1703770282525494,41.4372,1,0,0,0,1,0,0,1,0,0,0,0,train
0.6576771000037855,0.49155038203843726,-1.4210348054474007,-1.2719048095818077,1.2389412623732678,1.8414921371833994,82.0828,1,0,0,0,0,1,0,1,0,0,1,0,train
-0.20373517257879917,-0.4211391110977965,1.6290075506793633,1.5783452252774357,0.7255801964803638,0.5181982136435171,78.85079999999999,0,0,0,0,0,1,1,0,0,0,0,0,train
0.22323435755611984,0.49155038203843726,0.513427856220547,-0.9938316354491986,-0.9856233564959833,0.9514863040579826,45.6194,1,0,0,0,1,0,0,0,0,0,0,1,train
1.0851448442928875,0.49155038203843726,0.08618456898100033,-0.02057552598506681,-0.6433826459007138,-1.0968430241087719,69.1972,0,0,0,0,1,0,0,0,0,0,1,0,train
1.0592377082753661,-1.3338286042340304,-1.6109207108871995,-0.11326658402926994,-1.5845446000377048,0.39559373176327556,67.2293,0,0,0,0,0,1,1,0,0,0,1,0,train
-0.9689921134040449,1.404239875174671,0.6914458925703579,0.7672984673906593,1.4956217953197195,1.5574477223561385,68.3748,0,1,0,0,1,0,0,1,0,0,0,0,train
0.2615968474282187,-1.3338286042340304,0.0031094853510881216,-1.2023865160486558,0.12665895293864227,-1.6129372829135573,31.3891,0,0,0,0,0,0,0,1,0,0,0,0,train
0.11113617286492174,0.49155038203843726,0.9644068816400689,0.5587435867912023,-0.04446140235899259,-1.7917087394771556,49.36,0,0,0,0,1,0,0,1,0,0,1,0,train
-0.04505396447148103,-0.4211391110977965,0.09805243807098749,-1.2255592805597064,-0.21558175765662696,0.8051312157402075,47.33,0,1,0,0,1,0,1,0,0,0,1,0,train
0.9825127285311682,-1.3338286042340304,1.3797822997896279,-1.063349928982351,0.38333948588509453,0.3776202998646018,65.587,1,0,0,0,0,1,0,0,0,0,1,0,train
-0.731842176012888,-1.3338286042340304,0.0031094853510881216,1.7173818123437403,-0.5578224682518964,-0.8529178769124801,37.2489,0,1,0,0,1,0,1,0,0,0,0,1,train
-0.7886385895897617,0.49155038203843726,1.664611157949326,0.11846106108123788,-1.0711835341448004,-0.037854835721713616,24.4491,0,0,0,0,0,1,1,0,0,0,1,0,train
0.7189574409683069,0.49155038203843726,1.2967072161597155,1.277099286633776,-1.5845446000377048,0.795502591508775,88.13279999999999,0,0,0,1,0,1,0,0,0,0,0,0,train
0.9461430952758019,-1.3338286042340304,-0.4834731473383953,-0.6230674032723866,-0.4722622906030792,0.8661125025392806,68.52850000000001,0,1,0,0,1,0,0,1,0,0,0,0,train
-0.043808429086023164,0.49155038203843726,-1.6109207108871995,0.07211553205913632,-0.8145030011983484,-0.4555766502953631,44.844,0,1,0,0,0,1,0,1,0,0,0,0,train
0.13704330888244307,0.49155038203843726,-0.3054551109885843,0.25749764814754256,0.041098775289824835,-0.8288463163338987,54.1983,0,1,0,0,1,0,0,1,0,0,0,0,train
-0.7861475188188461,0.49155038203843726,1.6883468961293002,-0.5767218742502851,-1.0711835341448004,0.03580413964874556,26.9202,0,1,0,0,1,0,1,0,0,0,1,0,train
-0.08516020388322078,-0.4211391110977965,-1.2074131618276271,-0.877967812893945,-0.6433826459007138,1.5612991720487117,48.4142,1,0,0,0,1,0,0,1,0,0,0,1,train
-0.7492796714092965,0.49155038203843726,0.34727768896072303,-0.15961211305137152,0.12665895293864227,-1.7907458770540123,19.9427,0,0,0,0,1,0,1,0,0,0,0,0,train
-0.4269351136528292,0.49155038203843726,0.7863888452902573,-0.06692105500716837,-0.3867021129542618,0.39816136489165754,45.1726,0,0,0,0,0,1,0,0,0,0,1,0,train
-0.6914868295240566,0.49155038203843726,-0.35292658734853394,-0.34499422913977723,-0.6433826459007138,1.0882127681443248,38.769,0,0,0,0,1,0,1,0,0,0,1,0,train
1.0427966411873237,0.49155038203843726,-0.4834731473383953,0.8136439964127609,-0.5578224682518964,1.526957078956602,104.1555,0,0,0,0,0,1,0,1,0,0,1,0,train
-0.052776283861319,-0.4211391110977965,-0.5665482309683075,0.9063350544569639,0.8111403741291812,-0.3034443874387285,65.9299,1,0,0,0,1,0,0,1,0,0,0,0,train
-0.25405480215129245,-0.4211391110977965,0.0031094853510881216,-1.3645958676260108,-0.04446140235899259,1.3995382849606444,46.7471,1,0,0,0,1,0,0,1,0,0,0,0,train
-0.024876291227065316,1.404239875174671,-0.7564341364081058,0.2343248836364918,0.12665895293864227,-0.24920313760165846,55.1892,0,0,0,0,1,0,1,0,0,0,0,0,train
-0.7602403828013249,-0.4211391110977965,0.0031094853510881216,-1.4572869256702141,0.12665895293864227,-0.037854835721713616,19.2643,0,1,0,0,0,1,1,0,0,0,0,0,train
-0.33476549512895515,0.49155038203843726,-0.24611576553864745,-0.669412932294488,-1.5845446000377048,1.192843818125892,33.4215,0,0,0,0,0,0,0,1,0,1,0,0,train
-0.771201094193353,-0.4211391110977965,1.3797822997896279,-1.3645958676260108,-0.21558175765662696,-0.7348067530069073,22.7573,0,0,0,0,1,0,0,1,0,0,0,0,train
-1.05169566299844,1.404239875174671,-1.7295994017870737,0.025770003037034757,0.6400200188315464,1.0317248393199205,44.6322,0,0,0,1,0,1,0,1,0,0,0,1,train
0.40558073798713545,-0.4211391110977965,-0.35292658734853394,1.6015179897884864,0.4688996635339115,1.5702858879980488,109.89649999999996,0,0,0,0,0,1,1,0,0,0,1,0,train
0.3408128979433322,-1.3338286042340304,1.2373678707097788,-0.4608580516950312,0.9822607294268155,1.6611159099145627,86.1412,0,0,1,0,1,0,1,0,0,0,0,0,train
0.1290718824155134,-0.4211391110977965,0.8694639289201695,-1.2023865160486558,-0.4722622906030792,1.1575388626106395,48.7802,0,1,0,0,1,0,0,1,0,0,0,0,train
-1.0098456740470594,-0.4211391110977965,0.0031094853510881216,1.6015179897884864,-0.6433826459007138,1.289771968722313,39.1789,0,0,0,1,0,1,0,0,1,0,0,0,train
-1.2584545369844276,0.49155038203843726,0.0031094853510881216,-0.3913397581618788,-0.6433826459007138,1.0339715183072546,25.4386,0,1,0,0,0,1,1,0,0,0,0,0,train
-1.2684188200680897,-1.3338286042340304,0.18112752170089969,-0.9243133419160465,-0.13002158000780953,0.84332475852489,29.9812,0,1,0,0,0,1,1,0,0,0,0,0,train
0.5196717792950659,-1.3338286042340304,1.605271812499389,-0.5535491097392343,-0.8145030011983484,-1.5574122165122963,44.6222,0,0,0,0,0,0,0,1,0,0,0,0,train
5.585837864813387,-1.3338286042340304,1.0237462270900057,0.37336147070279596,-0.8145030011983484,-0.4915235140927113,296.0886973121837,1,0,0,0,1,0,1,0,0,0,0,0,train
-1.1393813541346658,0.49155038203843726,-0.3054551109885843,1.3002720511448267,0.12665895293864227,1.5779887873831948,45.75449999999999,0,1,0,0,1,0,1,0,0,0,0,0,train
-0.519104732176703,1.404239875174671,-1.1243380781977155,-1.3645958676260108,-0.9000631788471659,0.10448832583296455,25.662,0,1,0,0,0,1,1,0,0,0,0,0,train
-0.5788904306786754,-0.4211391110977965,-0.5428124927883327,1.4393086382111315,-0.7289428235495312,-0.8564483724640056,39.4624,0,0,0,0,1,0,0,0,1,0,0,0,train
-0.04505396447148103,1.404239875174671,-1.5278456272572873,-0.7389312258276403,0.8967005517779986,1.850478853132736,69.336,0,1,0,0,1,0,1,0,0,0,0,0,train
-0.13846911838081277,-1.3338286042340304,-1.5278456272572873,1.6246907542995372,-1.41342424474007,0.27106352503674785,58.59289999999999,0,0,0,0,0,1,0,1,0,0,0,0,train
0.7259324391268704,1.404239875174671,0.9881426198200433,0.9758533479901158,-0.7289428235495312,0.22805567013634895,87.6519,1,0,0,0,0,1,0,1,0,0,1,0,train
0.31042183453816297,1.404239875174671,1.7595541106692252,-0.13643934854032072,-1.2423038894424354,0.4767951294483569,55.5074,0,1,0,0,1,0,0,1,0,0,0,0,train
0.22771828494376775,-1.3338286042340304,1.4984609906895014,1.1380626995674712,0.21221913058745967,-0.7861594155745477,71.4247,0,0,0,0,1,0,0,1,0,0,0,0,train
-0.01291915152667075,0.49155038203843726,0.7151816307503334,-0.3913397581618788,-0.9856233564959833,1.6556596895167508,53.040000000000006,0,0,1,0,1,0,0,0,0,0,0,0,train
1.0178859334781685,1.404239875174671,-1.1718095545576652,-0.9243133419160465,-0.13002158000780953,1.4078830926278862,71.3962,0,0,1,0,0,1,1,0,0,0,0,0,train
-1.0746135140908626,-0.4211391110977965,0.4540885107706101,1.6942090478326897,1.3245014400220851,-1.6533775046855743,19.973,0,1,0,0,1,0,0,1,0,0,0,0,train
-1.023297456210003,-0.4211391110977965,1.0949534416299298,1.647863518810588,-1.4989844223888873,1.3141644834419424,29.965799999999994,0,0,0,0,1,0,1,0,0,1,0,0,train
-0.04505396447148103,1.404239875174671,-0.6258875764182443,0.04894276754808554,-0.13002158000780953,-0.8179338755382753,44.7092,0,0,0,0,0,1,0,1,0,0,1,0,train
0.3756878887361492,0.49155038203843726,1.6527432888593387,-0.8547950483828942,-0.3867021129542618,-0.7662602588295873,44.1375,0,0,0,0,0,1,0,1,0,0,0,0,train
-0.04505396447148103,0.49155038203843726,0.620238678030434,-1.1096954580044525,-1.3278640670912525,-0.4106430705486778,18.7636,0,0,0,0,1,0,1,0,0,0,0,0,train
-0.0044495109055580975,0.49155038203843726,-1.1718095545576652,-1.0170043999602494,0.6400200188315464,0.10448832583296455,47.996,0,0,0,0,0,1,0,0,0,0,0,0,train
0.1290718824155134,1.404239875174671,-1.0412629945678038,0.25749764814754256,0.2977793082362771,0.6314950254333737,69.47070000000001,0,1,0,0,1,0,0,0,0,0,0,0,train
1.1110519803104086,1.404239875174671,1.605271812499389,-0.15961211305137152,-1.156743711793618,0.21136605480186596,72.969,0,0,0,0,0,1,0,0,0,0,0,0,train
-1.2469956114382161,-0.4211391110977965,0.0031094853510881216,0.37336147070279596,0.2977793082362771,1.3998592391016924,43.0228,0,1,0,0,1,0,1,0,0,0,1,0,train
-0.7283546769336062,1.404239875174671,0.620238678030434,1.3466175801669282,-1.156743711793618,-0.3111472868238746,35.357200000000006,1,0,0,0,1,0,1,0,0,0,1,0,train
0.6751145954001938,-1.3338286042340304,1.4509895143295528,-0.13643934854032072,-0.13002158000780953,-1.3821712555002237,57.53359999999999,0,0,0,0,1,0,0,1,0,0,0,0,train
0.5082128537488547,1.404239875174671,-0.3410587182585463,1.647863518810588,-1.2423038894424354,-0.17185318960915005,84.23230000000001,0,1,0,0,1,0,1,0,0,1,0,0,train
-0.6984618276826201,1.404239875174671,0.9288032743701063,-1.1792137515376049,1.3245014400220851,0.8282399138956457,53.3479,0,0,0,0,0,1,1,0,0,1,0,0,train
0.6915556624882364,-1.3338286042340304,0.47782424895058495,-0.43768528718398036,0.7255801964803638,-0.7672231212527305,60.92600000000001,0,0,0,0,1,0,0,0,0,0,0,0,train
0.883866326002914,0.49155038203843726,0.0031094853510881216,-0.7852767548497419,1.2389412623732678,0.8083407571506849,81.572,0,1,0,0,1,0,0,1,0,0,0,0,train
-0.5395315124982103,1.404239875174671,0.9881426198200433,-1.3645958676260108,-0.21558175765662696,-1.1940921288462407,21.4931,0,1,0,0,0,1,0,1,0,0,0,0,train
0.6800967369420249,-1.3338286042340304,0.5252957253105346,1.3466175801669282,1.067820907075633,-1.463693607326353,84.7232,0,1,0,0,0,0,0,1,0,0,0,0,train
0.6820895935587573,-0.4211391110977965,-0.6140197073282567,0.6514346448354054,-1.6701047776865219,-0.977448083639008,67.736,0,0,0,1,0,0,0,0,0,0,0,1,train
0.9810180860686188,1.404239875174671,-1.1718095545576652,1.5088269317442837,1.6667421506173545,0.5037552772963682,128.6549,0,1,0,0,1,0,1,0,0,0,0,1,train
0.2102807895473591,-1.3338286042340304,1.261103608889754,-0.7852767548497419,-0.4722622906030792,0.9479558085064573,54.3684,0,0,0,1,0,1,0,1,0,0,1,0,train
0.7144735135806592,-0.4211391110977965,-1.2430167690975897,0.30384317716964415,0.2977793082362771,0.14685427245126761,80.7792,0,0,1,0,1,0,1,0,0,0,0,0,train
4.941702450295002,-1.3338286042340304,0.8575960598301824,-0.8547950483828942,-0.13002158000780953,-1.0547980316315162,224.9146628555729,0,0,0,0,0,1,1,0,0,1,0,0,train
-0.5524850805069711,-1.3338286042340304,1.2373678707097788,-0.9938316354491986,-1.0711835341448004,-0.037854835721713616,28.164300000000004,1,0,0,0,1,0,0,0,0,0,1,0,train
1.0956073415307328,-0.4211391110977965,-0.9581879109378916,1.3466175801669282,0.5544598411827288,-0.3949163176373379,109.4796,0,1,0,0,1,0,0,0,1,0,0,0,train
-0.6082850657754785,-0.4211391110977965,1.0949534416299298,-0.36816699365082806,1.7523023282661718,1.166846532701024,69.749,0,0,0,0,0,1,0,0,1,0,0,0,train
-0.04505396447148103,1.404239875174671,-0.9225843036679297,0.581916351302253,0.6400200188315464,-0.6189423080886688,65.6944,0,0,0,1,1,0,1,0,0,0,0,0,train
-1.1219438587382573,0.49155038203843726,1.7239505033992628,-1.4804596901812648,-1.4989844223888873,-0.3512665544548436,13.9136,1,0,0,0,0,0,0,1,0,0,1,0,train
-1.1797367006234973,0.49155038203843726,0.513427856220547,-0.13643934854032072,1.2389412623732678,0.5589593895565815,43.224,0,0,0,0,1,0,0,1,0,0,0,0,train
-0.916181413060636,-1.3338286042340304,1.6408754197693505,-0.34499422913977723,-0.3867021129542618,-0.5775392238935089,25.5304,0,0,0,0,1,0,1,0,0,0,0,0,train
-0.46330474690819573,0.49155038203843726,-0.9344521727579168,-1.0401771644713003,0.2977793082362771,-1.3481501165491618,23.279,0,0,0,0,0,1,0,0,0,0,0,0,train
-1.0208063854390874,-0.4211391110977965,-1.1243380781977155,0.6514346448354054,-0.5578224682518964,-1.7063349379584534,14.935,0,1,0,0,1,0,0,1,0,0,1,0,train
0.6646520981623489,-0.4211391110977965,0.7745209762002702,1.369790344677979,0.7255801964803638,-0.8631884094260083,91.2296,1,0,0,0,1,0,0,0,1,0,0,0,train
-0.3781101265428851,1.404239875174671,-1.1124702091077283,1.8100728703879434,-1.156743711793618,-0.8888647407098286,47.6252,0,0,0,1,1,0,1,0,0,0,0,0,train
0.10565581716890764,-0.4211391110977965,1.2136321325298045,0.9990261125011666,-0.6433826459007138,1.7082961686485822,78.5578,0,1,0,0,1,0,1,0,0,0,0,0,train
-0.04505396447148103,-0.4211391110977965,0.3947491653206727,0.7672984673906593,0.9822607294268155,-1.3789617140897463,39.9065,0,0,0,0,1,0,0,1,0,0,1,0,train
-0.6730529058192819,1.404239875174671,1.4984609906895014,0.07211553205913632,0.7255801964803638,1.1742284779451224,59.6075,0,0,0,1,1,0,0,1,0,0,0,0,train
0.8036538471794346,-1.3338286042340304,-0.8751128273079799,0.5355708222801515,-0.8145030011983484,0.2184270459049165,79.6245,1,0,0,0,1,0,1,0,0,0,0,0,train
-0.8698474967216075,0.49155038203843726,-1.053130863657791,-0.9474861064270971,0.38333948588509453,1.2891300604402178,45.4312,0,0,0,0,0,1,0,1,0,0,0,0,train
0.9850037993020839,1.404239875174671,0.762653107110283,0.18797935461439025,-0.5578224682518964,-1.7875363356435348,66.90710000000001,1,0,0,0,1,0,1,0,0,0,0,0,train
-0.37611726992615274,0.49155038203843726,-1.19554529273764,0.6514346448354054,-0.9000631788471659,-0.02902859684290048,43.8544,0,1,0,0,1,0,1,0,0,0,1,0,train
-0.04505396447148103,0.49155038203843726,1.0237462270900057,-0.9706588709381478,1.6667421506173545,-1.4049589995146141,14.6611,0,0,0,0,1,0,0,0,0,0,0,0,train
0.4499217977094316,1.404239875174671,-1.480374150897338,0.581916351302253,0.38333948588509453,1.6684978551586611,94.5643,0,1,0,0,1,0,1,0,0,0,0,0,train
3.836870842477814,-1.3338286042340304,-0.3410587182585463,-0.22913040658452333,1.3245014400220851,0.8680382273855667,206.50865196831717,0,0,1,0,1,0,1,0,0,0,1,0,train
5.611918649200558,0.49155038203843726,-0.8157734818580431,-0.9011405774049958,1.6667421506173545,-0.0601611485245324,325.0989498083767,0,1,0,0,1,0,0,0,0,0,1,0,train
0.470846792185122,-0.4211391110977965,-1.254884638187577,1.5088269317442837,0.8111403741291812,-1.3641978236015493,78.95210000000002,0,1,0,0,1,0,1,0,0,0,0,0,train
0.08921475008086516,-0.4211391110977965,-1.4091669363574135,1.4393086382111315,-0.4722622906030792,1.4852330406203944,81.9816,0,0,0,0,1,0,0,1,0,0,0,0,train
-0.04505396447148103,0.49155038203843726,-1.539713496347275,-0.9243133419160465,-0.5578224682518964,-0.6202261246528599,37.4586,1,0,0,0,1,0,0,1,0,0,0,0,train
0.5455789153125874,-1.3338286042340304,-0.6140197073282567,-1.3414231031149602,0.9822607294268155,-0.9954215155376823,40.2799,0,0,0,0,0,1,1,0,0,0,0,0,train
-0.04505396447148103,1.404239875174671,-0.7920377436780682,-0.5767218742502851,-0.04446140235899259,-0.6779978700414554,19.5819,0,0,0,0,1,0,0,1,0,1,0,0,train
0.07825403868883696,-0.4211391110977965,-0.23424789644865976,1.8100728703879434,1.4100616176709027,-1.0599332978882805,74.5744,0,1,0,0,1,0,0,1,0,0,0,0,train
-1.2863545296186814,0.49155038203843726,0.13365604534095002,0.7904712319017101,0.7255801964803638,-1.6700671200200572,9.8718,0,0,0,0,1,0,0,0,0,0,0,0,train
0.8101306311838147,-0.4211391110977965,-0.8039056127680554,-1.4341141611591632,-0.30114193530544436,0.21489655035339122,46.90559999999999,0,1,0,0,1,0,0,0,0,0,0,0,train
-0.7552582412594938,-1.3338286042340304,-0.26985150371862227,0.581916351302253,-1.4989844223888873,1.767993638883464,35.284,0,0,0,0,0,1,0,1,0,0,0,0,train
0.7822306385495612,-1.3338286042340304,1.46285738341954,1.1380626995674712,0.7255801964803638,-0.6459024559366802,94.3478,0,0,0,0,0,0,1,0,0,0,0,0,train
-0.11206376820910828,1.404239875174671,0.18112752170089969,0.2806704126585934,-0.3867021129542618,0.8324123177292663,59.3324,0,0,0,0,1,0,0,1,0,0,0,0,train
0.8280663407344063,1.404239875174671,1.2136321325298045,-0.02057552598506681,0.21221913058745967,-0.4796482108739445,72.8562,1,0,0,0,0,1,1,0,0,0,0,0,train
-1.0531903054609892,1.404239875174671,0.43035277259063526,-0.13643934854032072,1.4956217953197195,0.43218250384271933,46.6313,0,0,0,0,0,1,0,1,0,0,0,0,train
0.6392431762990105,-1.3338286042340304,-0.8513770891280051,-0.22913040658452333,-1.6701047776865219,-0.3522294168779869,52.9218,0,0,0,0,1,0,0,1,0,0,0,0,train
-0.24857444645527835,0.49155038203843726,-0.2817193728086094,0.2343248836364918,-1.4989844223888873,-1.5731389694236362,34.376400000000004,1,0,0,0,1,0,0,1,0,0,0,0,train
0.14102902211590798,-0.4211391110977965,-1.3498275909074762,-1.063349928982351,0.8967005517779986,1.642179615592745,70.6464,0,1,0,0,1,0,0,1,0,1,0,0,train
1.1205180492398878,0.49155038203843726,1.7002147652192885,-0.02057552598506681,-1.5845446000377048,1.3539627969318635,76.737,0,1,0,0,1,0,0,1,0,0,0,0,train
0.5117003528281364,1.404239875174671,0.14552391443093715,-1.248732045070757,-1.5845446000377048,0.7438289748000869,38.6058,1,0,0,0,1,0,0,1,0,0,0,0,train
-1.2813723880768502,-0.4211391110977965,-0.9107164345779419,1.6246907542995372,1.1533810847244503,0.6529989528835731,41.3681,0,0,1,0,1,0,0,1,0,0,1,0,train
-0.04505396447148103,1.404239875174671,-0.5072088855183702,-1.2023865160486558,0.7255801964803638,-1.1026201986476316,25.3938,1,0,0,0,1,0,1,0,0,0,0,0,train
0.15298616181630237,-0.4211391110977965,1.2017642634398162,0.18797935461439025,0.6400200188315464,-0.1792351348532485,65.0136,0,1,0,0,0,1,0,1,0,0,0,0,train
-1.0646492310072004,0.49155038203843726,-0.8869806963979676,0.8136439964127609,-0.3867021129542618,1.70861712278963,41.014300000000006,0,0,0,1,1,0,0,1,0,0,0,0,train
0.24017363879834533,-0.4211391110977965,-0.6614911836882064,0.3965342352138468,-1.0711835341448004,0.8012797660476343,62.4923,0,0,0,1,1,0,0,1,0,0,1,0,train
-1.0835813688661584,-1.3338286042340304,-1.4091669363574135,-0.5767218742502851,-1.5845446000377048,-0.037854835721713616,16.6464,0,0,1,0,1,0,0,0,0,0,0,0,train
-0.683515403057127,1.404239875174671,-1.2786203763675517,0.7441257028796086,-1.3278640670912525,-0.5910192978175145,29.5606,0,1,0,0,1,0,0,1,0,0,1,0,train
-0.9007367742809598,0.49155038203843726,-0.530944623698345,-1.64266904175862,1.1533810847244503,0.2928884066279952,38.447500000000005,0,1,0,0,1,0,0,1,0,0,0,0,train
0.3039450505337825,-0.4211391110977965,-1.5159777581673002,-1.3645958676260108,-1.4989844223888873,0.06115951679151773,30.9982,0,0,0,0,0,1,1,0,0,0,1,0,train
5.5503337574116065,-0.4211391110977965,0.5608993325804966,1.1380626995674712,0.8111403741291812,0.3901375113654637,332.0436886774302,0,0,0,1,1,0,0,0,0,0,0,0,train
-0.04505396447148103,-0.4211391110977965,-0.19864428917869775,0.6282618803243546,-0.21558175765662696,1.7192086094442058,89.0764,0,0,0,1,1,0,0,0,0,0,0,0,train
-0.9734760407916928,-0.4211391110977965,-0.3647944564385211,-0.5535491097392343,-0.21558175765662696,1.0102209118697212,36.1464,0,0,0,1,0,1,1,0,0,0,1,0,train
0.1400325938075418,1.404239875174671,0.7389173689303077,1.6015179897884864,0.5544598411827288,1.3257188325196616,99.0039,0,0,0,0,1,0,0,1,0,0,0,0,train
0.3064361213046979,1.404239875174671,0.513427856220547,-0.2986487001176757,0.21221913058745967,0.1638648419267985,61.9923,0,0,0,0,0,1,1,0,0,0,1,0,train
-1.0257885269809186,-0.4211391110977965,-1.337959721817489,-0.6925856968055387,0.5544598411827288,-1.8315070529670767,10.4444,0,0,0,0,0,1,0,0,0,0,0,0,train
0.9566055925136471,0.49155038203843726,1.1305570488998922,-0.8084495193607927,1.4100616176709027,1.8309006505288232,99.8038,0,1,0,0,1,0,1,0,0,0,0,0,train
-0.09661912942943199,1.404239875174671,1.5815360743194138,0.4892252932580499,-0.8145030011983484,0.1738144202992789,54.7066,1,0,0,0,1,0,0,1,0,0,0,0,train
-0.48821545461735083,-1.3338286042340304,-0.3410587182585463,0.002597238525983974,-1.5845446000377048,1.3318169611995687,36.0458,1,0,0,0,1,0,1,0,0,0,0,0,train
1.0951091273765496,1.404239875174671,0.0031094853510881216,-0.22913040658452333,-1.2423038894424354,0.5198029843487558,69.91480000000001,0,0,0,0,0,1,1,0,0,0,0,0,train
0.9386698829630554,-1.3338286042340304,-0.6852269218681812,0.5587435867912023,1.1533810847244503,-1.471075552570451,77.40390000000001,0,1,0,0,0,0,0,1,0,0,0,0,train
0.7976752773292372,0.49155038203843726,-1.4329026745373885,-1.1328682225155033,1.067820907075633,-0.26396702808985506,56.61489999999999,0,0,0,0,0,1,1,0,0,0,0,0,train
-0.7213796787750428,-0.4211391110977965,1.534064597959464,0.5123980577691006,1.6667421506173545,-0.6430138686672503,43.9909,0,1,0,0,0,1,1,0,0,0,0,0,train
-0.40202440594367406,0.49155038203843726,0.5727672016704843,0.6746074093464561,-1.156743711793618,1.0471306380902128,48.2843,1,0,0,0,0,1,1,0,0,0,0,0,train
-0.8808082081136357,-0.4211391110977965,-0.16304068190873525,1.6015179897884864,-1.41342424474007,0.3458458399008741,31.341,0,1,0,0,1,0,0,1,0,1,0,0,train
0.049855831900400084,0.49155038203843726,-1.2192810309176147,-0.02057552598506681,-1.41342424474007,1.2069658003319932,49.7657,0,0,1,0,0,1,0,0,0,0,0,0,train
-1.285358101310315,1.404239875174671,-0.6852269218681812,0.21115211912544102,0.6400200188315464,0.5454793156325759,34.2628,0,0,0,0,1,0,0,0,0,0,0,0,train
-0.6571100528854226,1.404239875174671,1.5815360743194138,-1.3182503386039093,-1.2423038894424354,-0.7813451034588316,19.7235,0,0,0,0,0,1,1,0,0,0,0,1,train
-0.5943350694583517,-0.4211391110977965,-0.9225843036679297,-0.669412932294488,-1.156743711793618,0.4158138426492843,29.0991,1,0,0,0,1,0,0,0,0,0,0,0,train
-0.9326224801486783,-0.4211391110977965,-1.136205947287703,1.1380626995674712,1.581181972968537,0.8718896770781399,60.2028,0,0,0,0,0,1,0,1,0,0,0,0,train
-0.39305655116837823,-0.4211391110977965,1.391650168879615,-0.15961211305137152,-1.156743711793618,0.7120545148363592,40.56649999999999,0,0,1,0,1,0,1,0,0,0,0,0,train
0.9735448737558724,1.404239875174671,1.1424249179898793,-1.526805219203366,-0.7289428235495312,0.7117335606953117,48.44540000000001,1,0,0,0,1,0,0,0,0,0,0,0,train
-0.9849349663379041,-0.4211391110977965,0.5252957253105346,-1.2719048095818077,-0.3867021129542618,-0.0765298097179677,23.9803,0,0,0,0,1,0,0,0,0,1,0,0,train
-0.18430482056565814,0.49155038203843726,0.026845223531062962,-1.4109413966481126,-1.2423038894424354,-0.29991389188720324,25.8856,0,1,0,0,1,0,0,1,0,0,0,0,train
-0.9390992641530588,1.404239875174671,-1.2786203763675517,0.8368167609238116,1.6667421506173545,0.05506138811161074,47.177,0,1,0,0,0,0,0,1,0,0,0,0,train
0.8141163444172798,0.49155038203843726,1.2017642634398162,0.8599895254348624,-0.13002158000780953,1.6729912131333295,106.0042,0,0,1,0,1,0,1,0,0,0,0,0,train
-0.4438743948950547,1.404239875174671,-1.2430167690975897,0.8599895254348624,1.6667421506173545,1.5202170419945995,85.4652,0,0,0,0,1,0,0,1,0,0,0,0,train
-0.615758278088225,0.49155038203843726,1.4391216452395648,1.2539265221227252,-0.7289428235495312,0.3500182437344947,46.46469999999999,0,0,0,1,1,0,1,0,0,0,0,1,train
1.004932365469408,-0.4211391110977965,-1.6583921872471492,-1.0401771644713003,-0.8145030011983484,0.8994917332082466,56.7461,0,1,0,0,1,0,0,1,0,1,0,0,train
-0.36416013022575816,-0.4211391110977965,-0.5784161000582947,-0.8316222838718434,0.8111403741291812,-1.2053255237829121,29.8609,1,0,0,0,0,0,1,0,0,1,0,0,train
-0.10459055589636164,-0.4211391110977965,0.5252957253105346,1.1380626995674712,-1.4989844223888873,0.6536408611656686,57.0482,1,0,0,0,1,0,0,0,0,0,0,0,train
0.09519331993106243,1.404239875174671,0.5490314634905095,1.5783452252774357,-1.6701047776865219,-0.9042705394801206,62.982,0,1,0,0,0,1,0,1,0,0,1,0,train
0.3273611157803883,-0.4211391110977965,0.0031094853510881216,-0.7852767548497419,0.8111403741291812,0.14781713487441092,59.92869999999999,0,1,0,0,1,0,1,0,0,0,1,0,train
1.044291283649873,-0.4211391110977965,-1.2074131618276271,-1.4109413966481126,1.2389412623732678,0.16322293364470314,61.5552,0,1,0,0,1,0,1,0,0,0,0,0,train
-0.31533514311581406,1.404239875174671,1.46285738341954,0.4428797642359483,0.8967005517779986,1.3899096607292118,76.5803,1,0,0,0,1,0,1,0,0,1,0,0,train
-0.04505396447148103,0.49155038203843726,1.46285738341954,-0.5303763452281836,0.8111403741291812,-1.2066093403471032,29.5584,0,1,0,0,1,0,1,0,0,1,0,0,train
-0.7931225169774097,-1.3338286042340304,-0.6021518382382696,0.14163382559228868,-0.8145030011983484,1.3125597127367037,38.2552,0,1,0,0,0,1,1,0,0,0,1,0,train
-1.06614387346975,-0.4211391110977965,1.7239505033992628,-1.2255592805597064,-0.5578224682518964,0.6292483464460392,27.8795,0,0,0,0,1,0,1,0,0,0,0,0,train
-1.2011599092533707,0.49155038203843726,1.04748196526998,1.485654167233233,-1.156743711793618,-0.037854835721713616,28.5966,0,0,0,1,1,0,0,1,0,0,0,0,train
-0.036335216773276696,-1.3338286042340304,0.26420260533081136,-1.526805219203366,0.7255801964803638,-0.6064250965878065,35.08540000000001,0,0,0,0,0,1,0,1,0,0,0,0,train
0.4499217977094316,-0.4211391110977965,-0.495341016428383,-1.3414231031149602,-0.21558175765662696,0.16290197950365523,44.5344,0,0,0,0,1,0,1,0,0,1,0,0,train
-0.3945511936309274,-0.4211391110977965,0.6321065471204211,1.39296310918903,1.4956217953197195,-0.9277001917766066,55.053,0,0,0,1,1,0,1,0,0,1,0,0,train
-0.896252846893312,-1.3338286042340304,-1.3735633290874512,1.0453716415232681,-1.41342424474007,-1.4142666696049988,20.3509,0,0,0,0,1,0,0,1,0,0,0,0,train
0.5998842581185454,-0.4211391110977965,-0.6970947909581688,-0.15961211305137152,-0.21558175765662696,0.9396110008392156,72.9188,0,0,1,0,0,1,0,1,0,0,1,0,train
-0.4154761881066178,-0.4211391110977965,-1.136205947287703,0.3270159416806949,-1.4989844223888873,-0.23379733883136622,35.0028,1,0,0,0,1,0,0,1,0,0,0,0,train
0.4663628647974739,-0.4211391110977965,-1.3260918527275014,0.7904712319017101,-1.0711835341448004,-1.5769904191162092,61.8883,0,0,1,0,0,1,1,0,0,0,0,0,train
0.1664379439792461,1.404239875174671,-1.337959721817489,-0.2986487001176757,-0.7289428235495312,-0.6674063833868796,44.5307,0,1,0,0,0,1,1,0,0,0,0,0,train
-0.7462903864841979,-0.4211391110977965,0.905067536190131,-0.669412932294488,-0.5578224682518964,-0.016832339483085813,29.9606,0,0,0,0,1,0,0,1,0,0,1,0,train
0.9042931063244211,-1.3338286042340304,0.8575960598301824,-1.3645958676260108,-1.41342424474007,-1.1077554649043955,36.4958,1,0,0,0,1,0,0,1,0,0,0,0,train
-0.04505396447148103,1.404239875174671,0.5490314634905095,1.184408228589573,-0.9000631788471659,-0.11825384805417562,73.0708,0,1,0,0,1,0,0,0,0,0,0,0,train
0.3164004043883601,-0.4211391110977965,0.0031094853510881216,1.2307537576116745,-1.41342424474007,-0.7681859836758738,66.1224,0,1,0,0,1,0,1,0,0,0,1,0,train
-1.1324063559761026,-0.4211391110977965,1.7120826343092757,-0.7157584613165895,0.8111403741291812,-1.1969807161156707,18.8626,0,0,0,0,1,0,0,1,0,0,0,0,train
-0.6023064959252813,-0.4211391110977965,0.5015599871305598,-1.1328682225155033,-1.4989844223888873,-0.037854835721713616,27.3543,0,1,0,0,0,0,1,0,0,0,0,0,train
-1.0362510242187637,0.49155038203843726,-0.032494121918873874,-0.8547950483828942,0.12665895293864227,1.1482311925202546,39.4174,0,0,0,0,1,0,1,0,0,0,0,0,train
0.578959263642855,0.49155038203843726,-0.4122659327984708,0.14163382559228868,-0.30114193530544436,-1.4986776087005578,57.0766,0,0,0,0,1,0,1,0,0,0,0,0,train
-0.45732617705799844,-0.4211391110977965,-0.9344521727579168,-1.2023865160486558,1.6667421506173545,0.026817423699408465,46.316,1,0,0,0,1,0,0,0,0,0,1,0,train
-1.1079938624211305,1.404239875174671,-0.40039806370848363,1.6246907542995372,-0.7289428235495312,0.414850980226141,28.7693,0,1,0,0,0,1,1,0,0,0,0,0,train
0.5092092820572207,1.404239875174671,-0.708962660048156,-0.13643934854032072,1.4956217953197195,0.7175107352341711,86.22719999999998,0,0,0,0,1,0,1,0,0,0,0,1,train
0.7692770705408002,-0.4211391110977965,0.6558422853003955,-0.2523031710955741,0.5544598411827288,-1.4617678824800662,57.55120000000001,0,0,0,0,1,0,0,0,0,0,1,0,train
0.011493342028301202,-1.3338286042340304,-1.7058636636070987,-0.43768528718398036,1.4100616176709027,0.1657905667730851,61.459500000000006,1,0,0,0,0,1,0,1,0,0,1,0,train
-0.6247261328635209,1.404239875174671,0.22859899806084938,-0.9474861064270971,-0.9856233564959833,0.8407571253965079,31.609,1,0,0,0,1,0,0,0,0,0,0,0,train
-0.33476549512895515,0.49155038203843726,-0.16304068190873525,0.002597238525983974,0.12665895293864227,-0.7832708283051181,40.2564,0,0,0,1,1,0,1,0,0,0,0,0,train
-0.04505396447148103,0.49155038203843726,-1.6583921872471492,-0.9243133419160465,0.8967005517779986,0.7329165340044632,45.9582,0,0,0,1,1,0,1,0,0,0,0,0,train
0.9202359592582804,0.49155038203843726,-1.19554529273764,-1.5036324546923157,1.581181972968537,-0.037854835721713616,65.9479,0,1,0,0,0,1,0,1,0,0,0,0,train
-0.15740125623977064,-1.3338286042340304,-1.2786203763675517,-1.0865226934934018,-0.13002158000780953,1.316090208288229,49.4676,0,0,0,0,1,0,1,0,0,0,0,1,train
0.7349002939021663,-1.3338286042340304,0.07431669989101264,0.16480659010333945,-0.7289428235495312,-0.5435180849424472,67.3902,1,0,0,0,1,0,0,0,0,0,0,0,train
-0.038328073390009064,-0.4211391110977965,1.04748196526998,-0.669412932294488,-1.6701047776865219,-0.34516842577493645,34.2597,0,1,0,0,1,0,0,1,0,0,0,0,train
-0.04505396447148103,0.49155038203843726,-0.7683020054980934,0.18797935461439025,0.9822607294268155,-0.13333869268341994,68.2181,0,1,0,0,1,0,1,0,0,0,0,0,train
0.6711288821667291,-1.3338286042340304,0.43035277259063526,0.6514346448354054,-0.4722622906030792,-0.5492952594813068,75.92699999999999,0,0,0,0,1,0,0,1,0,0,0,0,train
0.7334056514396169,-1.3338286042340304,-1.4685062818073504,0.4428797642359483,-0.9000631788471659,0.07592340727971458,73.86349999999999,0,0,0,0,0,1,0,1,0,0,1,0,train
-0.4319172551946601,0.49155038203843726,1.6527432888593387,1.3234448156558776,-1.0711835341448004,0.5535031691587697,51.8548,1,0,0,0,1,0,0,1,0,0,0,0,train
1.0368180713371267,0.49155038203843726,0.0031094853510881216,1.0917171705453697,-0.21558175765662696,-0.556677204725405,96.3487,1,0,0,0,0,1,0,1,0,0,0,0,train
-0.1110673399007421,1.404239875174671,0.12178817625096232,-0.4608580516950312,1.067820907075633,-0.15837311568514464,53.2792,0,1,0,0,0,1,0,1,0,0,1,0,train
0.6815913794045743,-1.3338286042340304,-0.008758383738899036,-0.36816699365082806,0.8967005517779986,-0.6696530623742138,63.522400000000005,0,0,0,0,0,1,0,0,0,0,0,0,train
-0.392060122860012,1.404239875174671,1.0712177034499555,-1.2255592805597064,-0.6433826459007138,0.4440578070614863,34.5781,0,0,0,1,0,1,0,1,0,0,1,0,train
-0.8788153514969034,-0.4211391110977965,0.5252957253105346,0.7441257028796086,-1.0711835341448004,1.278217619644594,36.2571,0,0,0,0,0,1,0,0,0,0,0,0,train
-1.0262867411351018,-0.4211391110977965,-0.3647944564385211,0.18797935461439025,1.3245014400220851,-0.8580531431692443,27.9315,0,0,0,0,0,1,0,1,0,0,0,0,train
-1.008849245738693,-0.4211391110977965,0.5965029398504587,-0.6230674032723866,-1.5845446000377048,0.7797758385974349,20.2751,0,1,0,0,1,0,1,0,0,0,1,0,train
-1.0362510242187637,1.404239875174671,-1.4091669363574135,0.8599895254348624,0.7255801964803638,-0.36859807807142225,32.0088,1,0,0,0,1,0,1,0,0,0,0,0,train
0.7757538545451808,-0.4211391110977965,-0.31732298007857146,-1.5731507482254676,-1.3278640670912525,1.851120761414832,43.19980000000001,0,0,0,0,1,0,0,1,0,0,0,0,train
-1.0447206648398764,1.404239875174671,0.9169354052801192,0.21115211912544102,0.7255801964803638,1.2968329598253636,51.6275,1,0,0,0,1,0,0,0,0,0,0,0,train
-0.001958440134642549,-0.4211391110977965,0.13365604534095002,-1.2950775740928586,1.1533810847244503,0.00017822999244508945,48.3843,0,0,0,0,0,0,1,0,0,0,0,0,train
-0.04505396447148103,-1.3338286042340304,-0.5784161000582947,-1.2023865160486558,0.4688996635339115,1.0500192253596423,70.745,0,0,0,0,1,0,0,1,0,0,0,0,train
0.47383607711022036,-1.3338286042340304,-0.9581879109378916,-0.02057552598506681,-1.2423038894424354,-0.7989975812164578,52.9032,1,0,0,0,0,1,0,0,0,0,0,0,train
0.7249360108185041,-0.4211391110977965,1.5578003361394395,-0.06692105500716837,0.38333948588509453,-1.1376042000218365,63.7777,0,0,0,0,1,0,0,1,0,0,0,0,train
-0.04505396447148103,-0.4211391110977965,-0.056229860098848714,-0.9011405774049958,1.4956217953197195,-0.3320093059919785,56.2678,1,0,0,0,1,0,0,1,0,0,1,0,train
-0.037331645081642884,1.404239875174671,-0.5190767546083579,-1.248732045070757,-0.9856233564959833,0.12021507874430425,33.0286,0,1,0,0,1,0,1,0,0,0,1,0,train
0.2625932757365851,-1.3338286042340304,-1.6465243181571614,-0.8316222838718434,0.6400200188315464,-1.5031709666752262,35.8539,0,0,0,1,1,0,0,1,0,0,0,0,train
0.9067841770953369,-0.4211391110977965,0.0031094853510881216,-0.7389312258276403,1.7523023282661718,0.5981157947644072,85.88400000000001,0,0,0,0,1,0,1,0,0,0,0,0,train
-0.5978225685376334,-1.3338286042340304,-0.020626252828886193,-1.1096954580044525,0.38333948588509453,-1.8006954554264925,16.9168,0,0,0,0,1,0,1,0,0,0,0,0,train
-0.11056912574655892,-0.4211391110977965,-0.4478695400684333,-0.15961211305137152,-0.9000631788471659,-0.6138070418319049,40.2186,0,0,0,0,1,0,0,1,0,0,1,0,train
0.859952046602125,-0.4211391110977965,1.1424249179898793,-1.549977983714417,1.2389412623732678,0.334291490823155,60.9462,0,0,1,0,1,0,0,0,0,0,1,0,train
0.7423735062149127,0.49155038203843726,-1.4329026745373885,1.0917171705453697,-0.30114193530544436,-0.706883742735753,84.1558,0,1,0,0,1,0,0,0,0,0,1,0,train
0.6193146101316864,-1.3338286042340304,-1.397299067267426,1.5783452252774357,0.5544598411827288,-0.037854835721713616,101.5506,0,0,0,0,1,0,0,0,0,0,0,1,train
0.5311307048412774,1.404239875174671,0.0031094853510881216,0.21115211912544102,0.4688996635339115,-0.9126153471473623,66.2817,1,0,0,0,0,0,0,0,1,0,0,0,train
0.5191735651408829,-0.4211391110977965,1.0593498343599683,-1.1560409870265542,-0.5578224682518964,-0.6869845859907925,40.9764,0,0,0,1,0,1,0,1,0,0,0,0,train
-1.1010188642625671,-1.3338286042340304,0.2760704744207991,0.9990261125011666,0.12665895293864227,0.17124678717089695,33.344,0,1,0,0,1,0,1,0,0,0,0,0,train
-0.4812404564587874,-1.3338286042340304,-0.1393049437287604,0.04894276754808554,0.041098775289824835,-1.798769730580206,27.174,0,0,0,0,0,1,0,1,0,0,0,0,train
0.8748984712276182,-0.4211391110977965,-0.6140197073282567,1.4393086382111315,-0.13002158000780953,-0.1346225092476109,101.8744,0,1,0,0,1,0,1,0,0,0,0,0,train
-0.04505396447148103,-1.3338286042340304,0.33540981987073587,0.07211553205913632,1.3245014400220851,-0.6946874853759384,46.274,0,0,0,0,1,0,1,0,0,0,0,0,train
-0.25853872953894036,1.404239875174671,-1.3854311981774388,1.7405545768547912,0.9822607294268155,-0.14681876660742535,69.6268,0,0,0,1,0,0,1,0,0,0,0,0,train
-0.19476731780350334,-1.3338286042340304,-1.7652030090570356,1.6710362833216388,-1.6701047776865219,1.3433713102772877,57.915,0,0,0,0,1,0,0,0,1,0,0,0,train
-0.523090445410168,-1.3338286042340304,0.6914458925703579,0.2806704126585934,1.3245014400220851,1.5019226559548773,75.7144,0,1,0,0,1,0,0,1,0,0,0,0,train
-0.3995333351727585,-0.4211391110977965,-1.717731532697086,0.6746074093464561,1.4100616176709027,1.3526789803676729,79.24600000000001,0,0,0,0,0,1,1,0,0,1,0,0,train
-0.8902742770431146,0.49155038203843726,0.2760704744207991,1.5783452252774357,1.581181972968537,-0.5162369829533883,43.8894,1,0,0,0,0,0,0,0,0,0,1,0,train
0.88486275431128,1.404239875174671,0.0031094853510881216,0.6977801738575069,-0.8145030011983484,-0.860941730438674,79.70039999999999,0,0,0,0,1,0,0,1,0,0,0,0,train
-0.7119136098455638,-0.4211391110977965,-0.2817193728086094,0.41970699972489756,-0.9000631788471659,-1.4665821945957824,24.6973,0,0,1,0,0,1,0,1,0,0,0,0,train
-0.08615663219158697,0.49155038203843726,0.8457281907401941,0.18797935461439025,-0.30114193530544436,0.7634071774039998,59.886,0,1,0,0,1,0,0,1,0,0,1,0,train
-0.9859313946462703,0.49155038203843726,-0.1037013364587984,1.1148899350564205,-0.5578224682518964,1.3363103191742374,40.163,0,0,0,0,1,0,0,0,0,0,0,0,train
-1.237031328354554,-0.4211391110977965,0.7507852380202948,-0.2754759356066249,1.3245014400220851,1.5542381809456611,56.688500000000005,0,1,0,0,1,0,0,1,0,0,0,0,train
0.9486341660467172,1.404239875174671,0.14552391443093715,0.5587435867912023,0.2977793082362771,0.9826188557396145,101.9914,0,0,0,0,1,0,1,0,0,0,0,0,train
0.09868081901034417,-0.4211391110977965,-1.7295994017870737,0.8599895254348624,1.581181972968537,0.25597868040750354,82.3678,0,0,0,0,1,0,0,0,0,0,0,0,train
0.11960581348603457,0.49155038203843726,-1.6109207108871995,1.6710362833216388,-1.3278640670912525,-1.3372376757535382,62.7544,0,1,0,0,1,0,0,1,0,0,1,0,train
0.6133360402814894,-1.3338286042340304,0.4422206416806224,-0.13643934854032072,-0.5578224682518964,-0.32430640660683235,61.871,1,0,0,0,1,0,0,1,0,0,0,0,train
-1.2689170342222726,-0.4211391110977965,1.2967072161597155,-1.1096954580044525,0.9822607294268155,1.666893084453422,52.77959999999999,0,1,0,0,1,0,1,0,0,1,0,0,train
0.7598110016113214,0.49155038203843726,-1.2786203763675517,-0.6462401677834374,1.6667421506173545,-0.004957036264319064,72.86829999999999,0,1,0,0,1,0,1,0,0,0,1,0,train
0.11013974455655555,0.49155038203843726,1.320442954339691,-0.2523031710955741,0.21221913058745967,-0.7238943122112839,50.117900000000006,0,0,1,0,1,0,1,0,0,0,0,0,train
-1.0367492383729469,0.49155038203843726,1.0949534416299298,-1.549977983714417,0.041098775289824835,-0.5377409104035877,21.6555,0,1,0,0,0,1,0,1,0,0,1,0,train
-0.43889225335322357,-1.3338286042340304,0.9169354052801192,-0.34499422913977723,-1.3278640670912525,-0.037854835721713616,25.3115,0,0,0,0,1,0,0,1,0,0,0,0,train
0.11113617286492174,1.404239875174671,1.2967072161597155,0.2343248836364918,-0.13002158000780953,0.4203072006239528,64.73160000000001,0,0,0,0,0,1,0,0,0,0,0,1,train
-1.1279224285884546,-1.3338286042340304,0.9169354052801192,0.6050891158133038,1.581181972968537,-0.36185804110941944,35.6928,0,0,1,0,1,0,1,0,0,0,1,0,train
-0.8279975077702267,0.49155038203843726,-1.551581365437262,-1.64266904175862,0.21221913058745967,-0.40358207944562713,23.5462,0,1,0,0,0,0,0,1,0,0,0,0,train
0.19583257907604915,-0.4211391110977965,0.7033137616603451,1.5783452252774357,-0.13002158000780953,-0.1513121245820939,79.637,0,0,0,1,1,0,0,1,0,0,0,0,train
0.13604688057407688,-0.4211391110977965,0.038713092621050646,0.952680583479065,-0.6433826459007138,-0.5239398823385342,62.6715,0,1,0,0,0,1,1,0,0,0,0,0,train
-0.23711552090906696,-1.3338286042340304,-0.11556920554878555,1.277099286633776,-0.13002158000780953,-1.1186679057000193,51.058800000000005,0,0,0,0,1,0,0,1,0,0,0,0,train
0.5665039097882775,-0.4211391110977965,-1.3023561145475264,1.6710362833216388,1.4956217953197195,-1.3292138222273444,87.29869999999998,0,1,0,0,1,0,0,1,0,0,0,0,train
5.5171746541698266,1.404239875174671,-1.5041098890773124,1.2307537576116745,0.21221913058745967,1.049377317077547,280.87730155406564,1,0,0,0,0,1,0,1,0,0,1,0,train
-0.36565477268830754,0.49155038203843726,-0.16304068190873525,-1.4109413966481126,-1.4989844223888873,0.03195268995617239,23.1614,0,0,0,1,1,0,0,0,0,0,0,0,train
-1.1757509873900325,-0.4211391110977965,0.7745209762002702,-0.32182146462872646,0.12665895293864227,1.8450226327349248,45.31230000000001,1,0,0,0,1,0,0,1,0,0,1,0,train
0.29796648068358544,-1.3338286042340304,0.9169354052801192,-1.6194962772475692,0.9822607294268155,0.3262676372969612,51.2721,0,0,0,1,0,1,0,1,0,0,0,0,train
0.0274361949621605,0.49155038203843726,1.2136321325298045,0.002597238525983974,-0.4722622906030792,-0.037854835721713616,42.0962,0,1,0,0,0,1,1,0,0,0,0,0,train
0.07426832545537222,-1.3338286042340304,-0.2817193728086094,-1.4109413966481126,1.4956217953197195,0.9469929460833141,63.9534,0,1,0,0,0,0,0,0,0,0,0,0,train
-1.106001005804398,-0.4211391110977965,-0.3291908491685591,1.161235464078522,-0.3867021129542618,-0.12820342642665578,26.6477,0,0,0,1,1,0,0,1,0,0,0,0,train
1.0901269858347187,-0.4211391110977965,1.3441786925196653,-0.9938316354491986,-1.41342424474007,0.7531366448904715,54.67150000000001,0,0,0,0,1,0,0,1,0,0,0,0,train
0.8624431173730407,-0.4211391110977965,1.2373678707097788,-0.22913040658452333,1.4100616176709027,-1.540722601177813,61.09400000000001,0,0,0,0,0,1,0,1,0,0,1,0,train
-1.2778848889975685,0.49155038203843726,0.2523347362408242,1.0453716415232681,-1.0711835341448004,-0.38528769340590546,15.1029,0,1,0,0,1,0,0,0,1,0,0,0,train
-0.4050136908687726,0.49155038203843726,-0.032494121918873874,1.5783452252774357,1.067820907075633,1.7840413459358517,89.472,0,1,0,0,1,0,0,1,0,0,0,0,train
-1.0706278008573977,1.404239875174671,-0.7920377436780682,-0.669412932294488,0.38333948588509453,-0.1288453347087514,28.0701,1,0,0,0,0,1,1,0,0,0,0,0,train
0.25512006342383825,0.49155038203843726,0.9288032743701063,-0.5303763452281836,-0.21558175765662696,-1.3757521726792685,41.65619999999999,1,0,0,0,1,0,1,0,0,0,0,0,train
-0.7064332541495497,1.404239875174671,-1.231148900007602,0.6514346448354054,0.8967005517779986,0.7024258906049268,55.86,0,1,0,0,1,0,0,1,0,0,0,0,train
-0.9595260444745658,-1.3338286042340304,-1.053130863657791,-0.5535491097392343,-1.41342424474007,-0.9941376989734911,14.6127,0,0,0,0,0,1,0,0,0,0,0,0,train
-1.2315509726585399,-1.3338286042340304,1.2136321325298045,1.1380626995674712,1.1533810847244503,1.1575388626106395,51.2833,0,1,0,0,1,0,0,1,0,0,0,1,train
0.6487092452284897,-1.3338286042340304,0.0031094853510881216,-0.9706588709381478,-0.5578224682518964,1.7025189941097225,63.432300000000005,0,1,0,0,1,0,0,1,0,0,1,0,train
0.8539734767519278,1.404239875174671,0.6083708089404458,0.581916351302253,1.3245014400220851,-1.228755176079398,80.18099999999998,0,0,0,1,0,1,0,1,0,0,0,0,train
-0.07170842172027685,0.49155038203843726,0.5490314634905095,1.1380626995674712,1.4100616176709027,-1.263739177453603,58.7766,0,0,0,1,1,0,1,0,0,0,0,0,train
-0.6456511273392113,-0.4211391110977965,-1.3260918527275014,1.7637273413658419,-0.9000631788471659,-1.4120199906176645,34.3543,0,0,0,0,0,1,1,0,0,0,0,0,train
-0.625224347017704,-1.3338286042340304,-0.056229860098848714,-0.7389312258276403,-1.4989844223888873,-1.0438855908358928,20.3458,0,0,0,0,0,1,1,0,0,0,1,0,train
1.0467823544207884,-0.4211391110977965,1.7002147652192885,-1.4109413966481126,0.8967005517779986,-0.037854835721713616,41.2217,0,1,0,0,0,1,0,1,0,0,0,0,train
0.9929752257690134,-1.3338286042340304,-0.9463200418479044,1.2307537576116745,-1.3278640670912525,0.8211789227925951,97.75249999999998,0,1,0,0,0,1,0,0,0,0,0,0,train
4.098148850822316,1.404239875174671,1.1305570488998922,1.0917171705453697,-0.5578224682518964,-0.26589275293614145,327.21766546350466,0,0,0,0,1,0,0,0,0,0,0,0,train
1.103578767997662,-0.4211391110977965,1.5815360743194138,-1.0170043999602494,-0.8145030011983484,-1.553881720960771,46.207800000000006,0,1,0,0,0,1,0,1,0,0,0,0,train
-0.8260046511534943,0.49155038203843726,0.4896921180405721,-1.5731507482254676,0.2977793082362771,-0.1956037960466838,28.2443,1,0,0,0,0,0,0,0,0,0,1,0,train
1.0911234141430846,1.404239875174671,-0.495341016428383,1.6942090478326897,-0.04446140235899259,-0.857090280746101,109.4304,0,0,0,0,1,0,1,0,0,0,0,0,train
-0.5196029463308862,1.404239875174671,-1.5871849727072247,-0.22913040658452333,0.6400200188315464,-0.09867564545026253,42.9949,0,0,0,0,1,0,1,0,0,0,0,1,train
-0.7567528837220431,1.404239875174671,-1.6109207108871995,1.184408228589573,0.12665895293864227,-1.7592923712313324,25.4826,0,0,0,0,0,1,1,0,0,0,1,0,train
0.7274270815894198,1.404239875174671,-1.539713496347275,0.002597238525983974,-0.9000631788471659,0.5814261794299243,68.65440000000001,0,0,0,0,0,1,1,0,0,0,1,0,train
1.0657144922797466,-0.4211391110977965,-0.056229860098848714,-0.4608580516950312,1.4100616176709027,-1.4364125053372936,61.1936,0,0,0,0,0,1,0,1,0,0,1,0,train
0.003521915561371552,1.404239875174671,-1.1006023400177407,0.8599895254348624,-0.13002158000780953,-1.2399885710160694,52.7821,0,1,0,0,0,1,1,0,0,0,1,0,train
-0.0014602259804595455,1.404239875174671,-1.5041098890773124,-1.4341141611591632,-1.41342424474007,-1.161675760600418,22.0141,0,0,0,0,1,0,0,0,0,0,0,0,test
0.1773986553712745,1.404239875174671,-1.231148900007602,0.21115211912544102,-0.5578224682518964,-1.4903328010333161,46.5931,0,1,0,0,1,0,1,0,0,0,1,0,test
1.0363198571829433,-1.3338286042340304,0.2523347362408242,0.952680583479065,-0.13002158000780953,1.2181991952686648,110.2544,0,0,1,0,0,1,0,0,1,0,1,0,test
1.015394862707253,0.49155038203843726,0.24046686715083654,-1.2719048095818077,-1.0711835341448004,-0.2890014510915798,44.733,1,0,0,0,1,0,0,0,0,0,0,0,test
0.39810752567438895,-1.3338286042340304,0.8219924525602199,-0.02057552598506681,-1.2423038894424354,0.5406650035168599,58.825,0,1,0,0,1,0,0,1,0,0,0,0,test
-0.04505396447148103,-1.3338286042340304,-1.6702600563371364,0.581916351302253,-0.21558175765662696,-0.432467952139925,76.48649999999999,1,0,0,0,0,1,1,0,0,0,0,1,test
0.16544151567087992,-1.3338286042340304,-0.8988485654879548,0.5123980577691006,-0.21558175765662696,1.0041227831898139,72.16069999999999,0,0,0,1,1,0,0,1,0,0,0,0,test
-0.24159944829671487,1.404239875174671,-1.19554529273764,1.0221988770122175,-0.9000631788471659,-1.0852886750310529,45.2531,0,1,0,0,1,0,0,0,1,0,0,0,test
-0.7971082302108745,-1.3338286042340304,0.0031094853510881216,1.0221988770122175,0.5544598411827288,1.7147152514695374,62.8,0,0,0,0,0,1,1,0,0,0,0,0,test
0.9192395309499144,-0.4211391110977965,0.0031094853510881216,0.4428797642359483,-0.13002158000780953,-1.1372832458807889,75.03649999999999,1,0,0,0,1,0,0,0,0,0,0,0,test
-0.6172529205507743,-0.4211391110977965,-1.2786203763675517,-0.8316222838718434,-0.9856233564959833,-0.7803822410356882,22.1172,1,0,0,0,1,0,0,0,1,0,1,0,test
0.7493485043734762,1.404239875174671,1.2967072161597155,-0.9938316354491986,0.5544598411827288,-1.4845556264944564,43.823600000000006,0,0,0,0,0,0,1,0,0,1,0,0,test
0.9561073783594638,0.49155038203843726,1.0712177034499555,0.4660525287469991,0.041098775289824835,-0.6189423080886688,83.375,0,0,0,1,1,0,0,0,0,0,0,0,test
0.32835754408875467,-0.4211391110977965,-0.7683020054980934,0.4660525287469991,-1.2423038894424354,-0.037854835721713616,59.475,0,0,0,0,1,0,0,1,0,0,1,0,test
-0.20672445750389773,1.404239875174671,-0.12743707463877324,-0.09009381951821915,-1.2423038894424354,1.2297535443463838,45.85979999999999,0,0,0,0,1,0,0,1,0,0,0,0,test
0.6272860365986163,0.49155038203843726,1.1305570488998922,-0.06692105500716837,0.12665895293864227,-1.184784458755856,59.828,1,0,0,0,0,1,1,0,0,0,0,0,test
-0.16886018178598203,-1.3338286042340304,-0.8513770891280051,0.04894276754808554,-0.30114193530544436,-0.4247650527547789,45.2346,0,1,0,0,1,0,0,0,0,0,0,0,test
0.5640128390173621,-0.4211391110977965,0.4896921180405721,-0.11326658402926994,1.067820907075633,-0.15805216154409674,73.2164,0,0,0,0,0,1,1,0,0,0,0,0,test
0.9820145143769853,1.404239875174671,-1.717731532697086,1.485654167233233,-1.2423038894424354,0.2848645531018014,100.2662,0,1,0,0,1,0,0,1,0,0,1,0,test
-1.0247920986725525,0.49155038203843726,-1.0649987327477786,0.9990261125011666,-1.4989844223888873,0.32498382073277043,22.4883,0,1,0,0,0,1,0,1,0,0,0,0,test
-0.2774708673978984,-0.4211391110977965,1.0237462270900057,-0.11326658402926994,0.38333948588509453,-1.8151383917736412,31.7717,1,0,0,0,1,0,0,0,0,0,0,0,test
0.6282824649069823,0.49155038203843726,1.7239505033992628,-1.2719048095818077,-1.2423038894424354,1.4512119016693326,47.846900000000005,0,0,0,1,1,0,0,1,0,0,1,0,test
-0.6800279039778453,0.49155038203843726,0.038713092621050646,-1.063349928982351,0.041098775289824835,-1.100694473801345,22.3206,0,0,0,0,1,0,1,0,0,0,0,0,test
-1.2240777603457935,-1.3338286042340304,0.13365604534095002,1.7637273413658419,-0.7289428235495312,1.2490107928092486,30.371,1,0,0,0,1,0,1,0,0,1,0,0,test
0.46437000818074153,1.404239875174671,-1.1006023400177407,-0.2523031710955741,0.8111403741291812,1.484270178197251,85.5747,0,1,0,0,1,0,1,0,0,0,0,0,test
0.46437000818074153,0.49155038203843726,0.4540885107706101,-0.6462401677834374,0.5544598411827288,1.4149440837309366,76.6192,0,0,1,0,0,1,0,0,0,0,1,0,test
-0.8942599902765794,0.49155038203843726,0.9644068816400689,-1.5963235127365185,1.581181972968537,-0.736732477853194,28.1281,0,0,1,0,0,1,1,0,0,0,0,0,test
0.6736199529376448,1.404239875174671,0.0031094853510881216,0.9990261125011666,1.4956217953197195,-0.22513157702307704,97.2125,0,0,0,0,0,1,1,0,0,0,0,0,test
-1.0895599387163557,1.404239875174671,-1.3260918527275014,-1.3877686321370617,1.6667421506173545,-0.12114243532360527,34.4049,0,0,0,0,0,1,0,1,0,0,0,0,test
-0.45084939305361815,-1.3338286042340304,0.6439744162104083,0.3501887061917457,-0.7289428235495312,0.0659738289072342,42.6209,0,0,0,0,1,0,0,1,0,0,1,0,test
-0.8902742770431146,-1.3338286042340304,-1.4566384127173633,-1.248732045070757,-1.41342424474007,-0.9418221739827076,12.9998,1,0,0,0,1,0,0,1,0,0,0,0,test
-0.8927653478140303,-1.3338286042340304,1.249235739799766,-1.5036324546923157,-0.9856233564959833,-1.516330086458184,12.6264,0,1,0,0,1,0,1,0,0,0,0,0,test
0.2521307784987399,1.404239875174671,-1.1006023400177407,0.4428797642359483,-1.5845446000377048,-1.5400806928957178,49.852,1,0,0,0,1,0,1,0,0,0,0,0,test
4.449469478180517,-0.4211391110977965,0.35914555805071074,-1.1096954580044525,-0.3867021129542618,1.561620126189759,248.29520891209057,0,1,0,0,1,0,0,0,0,0,0,0,test
-0.7333368184754373,0.49155038203843726,0.0031094853510881216,-1.2023865160486558,-0.04446140235899259,-1.2598877277610299,20.3819,1,0,0,0,1,0,0,1,0,0,0,0,test
-1.0188135288223552,0.49155038203843726,-1.337959721817489,-0.762103990338691,1.067820907075633,-1.3349909967662041,17.1693,0,1,0,0,1,0,1,0,0,0,0,0,test
0.8689199013774208,-1.3338286042340304,1.189896394349829,0.8368167609238116,0.4688996635339115,1.0253057564989654,108.2325,0,1,0,0,0,1,1,0,0,0,0,0,test
0.6596699566205179,0.49155038203843726,-0.9225843036679297,-1.549977983714417,-0.30114193530544436,-1.4431525422992966,29.532000000000004,0,0,0,0,0,1,0,1,0,0,0,0,test
0.7752556403909977,0.49155038203843726,1.3679144306996407,-0.3913397581618788,0.38333948588509453,0.02200311158369223,71.095,0,1,0,0,1,0,0,0,0,0,0,0,test
0.09369867746851307,1.404239875174671,-0.056229860098848714,-0.7157584613165895,0.7255801964803638,-0.037854835721713616,68.9614,0,0,0,0,0,1,0,1,0,0,1,0,test
1.053757352579352,0.49155038203843726,0.0031094853510881216,-0.5072035807171328,1.581181972968537,1.5410790611627034,104.1764,1,0,0,0,1,0,0,0,0,0,1,0,test
0.20828793293062672,-0.4211391110977965,-0.495341016428383,1.6015179897884864,-0.30114193530544436,1.001555150061432,87.6076,0,1,0,0,1,0,0,0,0,0,0,0,test
0.06928618391354112,-0.4211391110977965,1.534064597959464,0.4660525287469991,-0.6433826459007138,0.055703296393706116,59.68299999999999,0,0,0,0,0,1,0,0,0,0,1,0,test
-1.2564616803676951,1.404239875174671,0.5965029398504587,-0.9938316354491986,-0.3867021129542618,-0.6054622341646634,16.525599999999997,0,0,0,0,0,1,0,0,0,0,0,0,test
-0.6521279113435916,-0.4211391110977965,-0.3054551109885843,-0.5767218742502851,-1.5845446000377048,-1.3812083930770802,19.1962,1,0,0,0,1,0,0,0,1,0,1,0,test
-1.0746135140908626,1.404239875174671,1.332310823429678,1.4161358737000806,-0.4722622906030792,1.4412623232968522,40.9225,1,0,0,0,1,0,1,0,0,0,0,0,test
1.0074234362403234,0.49155038203843726,0.7389173689303077,-0.9706588709381478,0.12665895293864227,1.3854163027545434,74.8463,0,1,0,0,1,0,1,0,0,0,0,0,test
-0.49718330939264666,-0.4211391110977965,0.3235419507807482,-0.48403081620608196,-1.6701047776865219,-1.420364798284906,23.1248,0,1,0,0,1,0,1,0,0,0,1,0,test
0.5480699860835028,0.49155038203843726,1.7002147652192885,-0.9938316354491986,0.5544598411827288,-0.7405839275457669,49.3168,1,0,0,0,1,0,0,1,0,0,0,0,test
0.4344771589297553,1.404239875174671,0.0031094853510881216,0.16480659010333945,-1.0711835341448004,0.731632717440272,65.2064,0,0,0,0,1,0,1,0,0,0,0,0,test
-0.35519227545046234,-0.4211391110977965,0.5015599871305598,0.4660525287469991,0.7255801964803638,-1.765069545770192,35.3812,0,0,0,0,0,1,1,0,0,0,0,0,test
-0.9156831989064529,-0.4211391110977965,1.2848393470697284,1.0453716415232681,-0.6433826459007138,0.7114126065542639,38.1392,1,0,0,0,0,0,0,0,0,0,0,0,test
-1.061659946082102,0.49155038203843726,0.4540885107706101,-0.877967812893945,0.2977793082362771,-0.4873511102590906,24.4754,0,1,0,0,1,0,0,1,0,0,0,0,test
-0.3452279923668003,-0.4211391110977965,-1.1836774236476528,0.4892252932580499,0.8111403741291812,-0.27391660646233523,52.6406,1,0,0,0,1,0,0,1,0,0,0,0,test
-0.27448158247279963,0.49155038203843726,0.5015599871305598,0.025770003037034757,-0.30114193530544436,-1.776944848988959,32.5735,0,0,0,0,1,0,0,0,0,0,1,0,test
0.9107698903288016,1.404239875174671,0.062448830801025486,0.18797935461439025,0.8967005517779986,-0.7232524039291883,78.744,0,0,0,0,0,1,0,0,1,0,1,0,test
-1.0018742475801297,-0.4211391110977965,-1.6702600563371364,1.184408228589573,-1.0711835341448004,-1.3690121357172658,17.9592,0,0,0,1,1,0,1,0,0,0,0,0,test
0.25412363511547226,0.49155038203843726,-0.7445662673181186,0.3270159416806949,1.7523023282661718,1.5901850447430093,102.8806,1,0,0,0,0,1,0,0,1,0,0,0,test
-0.17683160825291167,-1.3338286042340304,-0.8276413509480303,1.6015179897884864,-0.4722622906030792,-0.004636082123271147,63.1719,0,1,0,0,0,1,0,1,0,0,1,0,test
-1.1996652667908214,-0.4211391110977965,-0.7445662673181186,1.2539265221227252,-0.8145030011983484,0.509532451835228,24.260800000000003,1,0,0,0,1,0,0,1,0,0,0,0,test
0.45938786663891046,1.404239875174671,-0.4478695400684333,-0.15961211305137152,-1.2423038894424354,0.6995373033354968,57.791,1,0,0,0,0,1,0,0,1,0,1,0,test
-0.18380660641147495,-1.3338286042340304,1.4865931215995143,1.184408228589573,0.7255801964803638,-0.5993641054847559,62.2353,1,0,0,0,1,0,0,1,0,0,0,1,test
0.89931096478259,-0.4211391110977965,0.40661703441066044,-1.64266904175862,-1.4989844223888873,0.24988055172759632,35.4031,0,0,0,0,1,0,1,0,0,0,0,0,test
0.7936895640957724,-1.3338286042340304,-1.6465243181571614,1.39296310918903,0.6400200188315464,-0.8381539864242837,94.2463,1,0,0,0,1,0,0,1,0,0,1,0,test
-0.4857243838464353,-1.3338286042340304,0.8931996671001439,0.2806704126585934,1.4956217953197195,0.08073771939543105,58.257000000000005,0,1,0,0,1,0,1,0,0,0,0,0,test
-0.47874938568787184,1.404239875174671,0.0031094853510881216,1.7173818123437403,-0.8145030011983484,0.13915137306612174,51.03,0,0,0,0,1,0,1,0,0,0,0,0,test
4.755996247195613,-0.4211391110977965,0.7389173689303077,-0.5998946387613359,-1.4989844223888873,-1.0008777359354941,247.5983178992313,0,0,0,0,1,0,0,0,0,0,0,0,test
0.35027896687281107,1.404239875174671,-1.6109207108871995,1.0917171705453697,-1.156743711793618,0.3172809213476241,71.7971,0,0,1,0,1,0,1,0,0,0,0,0,test
-0.7537635987969444,1.404239875174671,-0.8751128273079799,-0.6230674032723866,0.041098775289824835,-0.7633716715601573,25.9025,0,0,0,0,1,0,0,1,0,0,0,0,test
-0.6486404122643098,-1.3338286042340304,-0.3291908491685591,-0.48403081620608196,-0.04446140235899259,-0.5486533511992112,30.7837,0,0,0,0,1,0,0,1,0,0,0,0,test
-1.0018742475801297,0.49155038203843726,-1.551581365437262,0.5587435867912023,-1.41342424474007,0.6151263642399382,23.3579,0,0,1,0,0,1,1,0,0,0,0,0,test
-0.2944101486401239,-0.4211391110977965,0.905067536190131,-0.22913040658452333,0.041098775289824835,0.6539618153067165,53.056,1,0,0,0,1,0,0,1,0,0,0,0,test
-0.5460082965025908,-1.3338286042340304,-1.337959721817489,-0.3913397581618788,0.2977793082362771,1.3440132185593836,53.9332,1,0,0,0,1,0,0,0,1,0,1,0,test
-0.11306019651747447,-0.4211391110977965,-0.3054551109885843,1.5088269317442837,0.2977793082362771,0.28197596583237156,73.5818,0,1,0,0,0,1,0,1,0,0,0,1,test
0.23020935571468332,0.49155038203843726,-1.4091669363574135,-0.13643934854032072,0.4688996635339115,-0.3137149199522566,57.7533,0,1,0,0,0,0,0,1,0,0,0,0,test
-0.04679771401112172,0.49155038203843726,1.534064597959464,1.7637273413658419,-0.6433826459007138,-1.4659402863136868,60.7394,0,0,0,1,0,1,1,0,0,0,0,0,test
0.3263646874720219,-0.4211391110977965,-1.2192810309176147,-1.1328682225155033,0.7255801964803638,-0.8866180617224942,40.3595,0,1,0,0,1,0,0,1,0,0,0,0,test
0.893830609086576,0.49155038203843726,-1.4091669363574135,-1.1328682225155033,-0.13002158000780953,-1.7220616908697932,37.7718,0,0,0,0,0,1,0,1,0,0,1,0,test
0.8998091789367734,0.49155038203843726,0.7745209762002702,-1.1096954580044525,1.4956217953197195,-1.0987687489550584,50.89789999999999,1,0,0,0,0,1,0,1,0,0,0,0,test
0.5694931947133761,-0.4211391110977965,0.5252957253105346,1.5319996962553342,0.2977793082362771,0.6664790268075788,104.2421,0,0,0,0,1,0,1,0,0,0,0,0,test
-0.29092264956084213,0.49155038203843726,1.4391216452395648,1.369790344677979,1.581181972968537,1.3372731815973806,93.5096,0,0,0,1,0,1,0,0,0,0,1,0,test
0.9531180934343654,0.49155038203843726,0.6795780234803708,1.7869001058768927,0.38333948588509453,0.028422194404647137,118.0321,0,0,0,0,1,0,1,0,0,0,0,0,test
-0.809563584065452,0.49155038203843726,0.33540981987073587,-0.48403081620608196,-1.0711835341448004,-0.0781345804232066,25.1652,1,0,0,0,0,1,0,1,0,0,0,0,test
-1.0302724543685664,-0.4211391110977965,-0.2223800273586726,0.30384317716964415,0.7255801964803638,-1.6074810625157456,16.9284,0,0,0,1,0,1,0,1,0,0,0,0,test
-0.9341171226112277,0.49155038203843726,-0.5190767546083579,0.04894276754808554,-0.13002158000780953,0.12631320742421145,32.2544,0,1,0,0,1,0,1,0,0,0,0,0,test
-0.8130510831447337,-0.4211391110977965,-0.8039056127680554,-1.4572869256702141,0.7255801964803638,-1.8048678592601133,11.596999999999998,1,0,0,0,0,1,0,0,0,0,0,0,test
0.056830830058963555,-1.3338286042340304,1.676479027039313,1.3002720511448267,1.4100616176709027,1.5137979591736443,105.9418,0,0,0,0,1,0,0,1,0,0,0,0,test
0.49525928574009376,0.49155038203843726,0.833860321650207,1.485654167233233,0.4688996635339115,1.1331463478910102,107.7025,0,1,0,0,1,0,1,0,0,0,0,1,test
-1.2753938182266529,-0.4211391110977965,-1.2074131618276271,0.002597238525983974,-0.04446140235899259,0.07175100344609396,23.3132,1,0,0,0,0,1,1,0,0,0,0,0,test
0.6626592415456163,-0.4211391110977965,0.46595637986059724,-1.2719048095818077,0.041098775289824835,-0.8946419152486881,41.4292,0,0,0,0,1,0,0,1,0,0,0,0,test
-1.2778848889975685,1.404239875174671,1.118689179809905,0.11846106108123788,-0.9856233564959833,0.8243884642030724,22.4347,0,1,0,0,1,0,0,0,0,0,0,0,test
-0.6561136245770564,-1.3338286042340304,0.47782424895058495,0.6514346448354054,0.21221913058745967,-0.037854835721713616,44.507000000000005,0,0,0,1,0,1,0,1,0,0,0,0,test
-0.8803099939594528,-0.4211391110977965,1.4747252525095271,-0.4145125226729296,-0.30114193530544436,0.7419032499538004,37.0004,0,1,0,0,1,0,0,1,0,0,0,0,test
-0.4951904527759141,1.404239875174671,-1.682127925427124,1.6246907542995372,0.041098775289824835,0.8426828502427945,62.0624,0,0,0,0,1,0,0,1,0,0,0,0,test
0.011493342028301202,-1.3338286042340304,0.2167311289708617,-1.4804596901812648,1.6667421506173545,1.6453891570032229,75.27289999999999,0,0,0,1,0,1,0,1,0,0,0,0,test
0.7099895861930111,0.49155038203843726,-0.8513770891280051,-1.0170043999602494,-1.2423038894424354,-0.037854835721713616,47.314800000000005,1,0,0,0,0,1,1,0,0,0,1,0,test
-0.843940360704086,-1.3338286042340304,0.0031094853510881216,-0.8547950483828942,-0.13002158000780953,1.6222804588477844,43.0058,0,1,0,0,1,0,1,0,0,0,0,0,test
-0.04505396447148103,-1.3338286042340304,0.4422206416806224,1.7173818123437403,0.21221913058745967,1.588259319896723,122.418,0,1,0,0,1,0,0,1,0,0,0,0,test
-0.25953515784730674,-0.4211391110977965,-1.1243380781977155,-0.7157584613165895,1.067820907075633,-1.2104607900396764,32.985499999999995,0,1,0,0,0,1,1,0,0,0,0,0,test
-0.010926294909938383,-0.4211391110977965,0.5727672016704843,-1.5036324546923157,1.6667421506173545,-1.2107817441807238,31.4354,0,0,0,0,0,1,0,1,0,0,0,0,test
0.8270699124260403,-0.4211391110977965,-1.4447705436273757,-0.32182146462872646,-0.3867021129542618,-0.8006023519216967,59.0718,0,0,1,0,1,0,1,0,0,0,0,0,test
0.6382467479906445,0.49155038203843726,0.35914555805071074,-1.2950775740928586,1.067820907075633,0.01590498290378478,56.6394,1,0,0,0,1,0,1,0,0,0,0,0,test
0.17939151198800685,-0.4211391110977965,-0.6496233145982192,0.04894276754808554,-0.9856233564959833,0.25084341415073963,53.9468,0,0,0,0,1,0,0,0,0,0,0,0,test
-1.1045063633418488,1.404239875174671,1.261103608889754,-0.8084495193607927,1.581181972968537,-1.7512685177051386,12.7333,1,0,0,0,1,0,1,0,0,0,1,0,test
-1.2290599018876245,1.404239875174671,1.2967072161597155,1.6942090478326897,0.38333948588509453,1.1337882561731056,42.9921,0,0,0,0,1,0,1,0,0,0,0,0,test
-1.0153260297430733,-0.4211391110977965,-1.4091669363574135,-1.0170043999602494,-0.9856233564959833,0.3275514538611524,20.791,0,0,0,0,0,1,1,0,0,0,0,0,test
-0.014413793989220117,-1.3338286042340304,-1.5159777581673002,-1.1096954580044525,-0.3867021129542618,-0.8436102068220954,31.2318,1,0,0,0,1,0,0,1,0,0,0,0,test
-0.6087832799296616,0.49155038203843726,-0.9225843036679297,-1.2023865160486558,0.6400200188315464,0.8921097879641482,46.61319999999999,0,1,0,0,1,0,1,0,0,0,1,0,test
0.03391297896654079,1.404239875174671,0.12178817625096232,1.5551724607663848,1.581181972968537,-1.6841891022261586,61.2568,1,0,0,0,0,1,0,0,0,0,0,0,test
0.38764502843654375,-0.4211391110977965,0.7863888452902573,-0.3913397581618788,-1.5845446000377048,1.6473148818495091,53.550900000000006,0,1,0,0,0,1,0,1,0,0,0,0,test
0.4280003749253752,1.404239875174671,0.08618456898100033,-0.6230674032723866,1.2389412623732678,-1.7994116388623014,40.4165,0,0,0,0,0,1,1,0,0,0,0,0,test
-1.2390241849712864,-0.4211391110977965,-0.839509220038018,1.2075809931006236,0.21221913058745967,1.4717529666963887,41.699,0,0,0,0,1,0,1,0,0,0,0,0,test
-0.04331021493184016,-1.3338286042340304,0.038713092621050646,1.39296310918903,-1.2423038894424354,1.1886714142922714,66.6318,0,0,0,1,1,0,0,0,0,0,0,0,test
0.03989154881673807,-0.4211391110977965,0.47782424895058495,-0.9706588709381478,1.581181972968537,0.5653784723775367,64.7324,0,1,0,0,0,1,0,0,1,0,0,0,test
-0.06622806602426275,-0.4211391110977965,-1.4685062818073504,0.7672984673906593,0.8967005517779986,0.7001792116175927,76.20850000000002,0,1,0,0,1,0,0,1,0,0,0,0,test
0.4678575072600233,-0.4211391110977965,-0.26985150371862227,-0.02057552598506681,-0.21558175765662696,1.389588706588164,76.2217,0,0,0,0,1,0,0,1,0,0,0,0,test
0.544084272850038,-1.3338286042340304,0.0031094853510881216,-0.32182146462872646,0.8111403741291812,-0.3477360589033184,63.56110000000001,0,0,0,0,1,0,0,1,0,0,0,0,test
-0.15092447223539035,0.49155038203843726,0.9406711434600935,-0.5072035807171328,-1.5845446000377048,-0.5053245421577646,33.7362,0,1,0,0,1,0,0,0,0,0,0,0,test
-0.13049769191388313,0.49155038203843726,1.7714219797592123,1.39296310918903,0.5544598411827288,1.4688643794269594,88.8816,0,0,0,1,0,1,0,0,0,0,0,0,test
-1.250981324671681,0.49155038203843726,0.5727672016704843,1.5319996962553342,1.7523023282661718,-0.037854835721713616,40.65,1,0,0,0,0,1,1,0,0,0,0,0,test
-0.4089994041022375,-0.4211391110977965,-1.7770708781470232,0.18797935461439025,-1.2423038894424354,0.5920176660845,38.9965,0,0,0,0,1,0,0,1,0,0,0,0,test
0.8968198940116746,-0.4211391110977965,-1.0056593872978412,1.3002720511448267,-0.30114193530544436,0.20911937581453194,101.2576,0,0,0,0,0,1,0,1,0,0,1,0,test
0.792194921633223,1.404239875174671,-0.6970947909581688,0.0952882965701871,1.1533810847244503,-0.4690567242193687,77.8741,0,1,0,0,1,0,0,1,0,0,0,1,test
-0.8693492825674243,-1.3338286042340304,-0.5784161000582947,0.7209529383685577,0.2977793082362771,-0.03384290895861671,38.348600000000005,0,1,0,0,1,0,0,1,0,0,1,0,test
-0.3835904822388992,-0.4211391110977965,1.249235739799766,1.184408228589573,1.2389412623732678,1.382206761344066,84.873,0,0,0,1,1,0,1,0,0,0,0,0,test
-0.04505396447148103,-0.4211391110977965,-0.9344521727579168,0.07211553205913632,-0.4722622906030792,-0.39780490490676756,59.1773,0,1,0,0,1,0,1,0,0,0,1,0,test
0.19583257907604915,-1.3338286042340304,-0.9107164345779419,-0.1827848775624223,0.38333948588509453,-1.2024369365134826,46.8086,0,0,0,0,0,1,0,1,0,0,0,1,test
0.8200949142674768,1.404239875174671,-1.5634492345272497,0.6050891158133038,-1.2423038894424354,-0.6417300521030592,73.3691,0,0,0,0,1,0,1,0,0,0,0,0,test
-0.3985369068643923,-1.3338286042340304,-0.6496233145982192,0.41970699972489756,-1.2423038894424354,-0.21421913622745337,38.3875,0,0,0,1,1,0,0,1,0,0,1,0,test
0.9590966632845624,-1.3338286042340304,-0.9107164345779419,1.4393086382111315,1.2389412623732678,-1.3176594731496254,97.7908,1,0,0,0,1,0,0,0,0,0,0,0,test
0.8011627764085189,0.49155038203843726,-0.6377554455082315,1.5088269317442837,-0.5578224682518964,-0.037854835721713616,101.1216,1,0,0,0,0,1,0,0,1,0,0,0,test
0.6452217461492079,1.404239875174671,0.7982567143802445,0.2806704126585934,-1.4989844223888873,1.486837811325633,71.2142,0,1,0,0,1,0,0,1,0,0,0,0,test
-1.2021563375617368,-0.4211391110977965,0.22859899806084938,-0.1827848775624223,0.9822607294268155,-0.4469108884870737,27.1606,0,0,0,0,1,0,1,0,0,0,1,0,test
0.40458430967876907,0.49155038203843726,-0.3291908491685591,0.4892252932580499,0.7255801964803638,0.32177427932229263,81.39859999999999,0,0,0,0,1,0,1,0,0,0,0,0,test
-0.702447540916085,1.404239875174671,-0.020626252828886193,0.7904712319017101,0.2977793082362771,-0.5714410952136016,38.814400000000006,0,1,0,0,1,0,0,1,0,0,0,0,test
0.23319864063978185,0.49155038203843726,-0.29358724189859714,-1.3182503386039093,-0.8145030011983484,-0.9745594963695783,30.446,0,0,0,0,1,0,1,0,0,0,0,0,test
-0.04505396447148103,-0.4211391110977965,-0.5428124927883327,-1.1096954580044525,0.4688996635339115,1.3976125601143579,74.58429999999998,1,0,0,0,1,0,0,0,1,0,0,0,test
-0.8852921355012836,-0.4211391110977965,-0.2579836346286346,-0.7389312258276403,0.7255801964803638,-1.2945507749941874,20.2164,0,0,0,0,0,1,0,0,0,0,0,0,test
0.4583914383305444,0.49155038203843726,-0.8869806963979676,-0.9474861064270971,-1.4989844223888873,-0.037854835721713616,40.9716,1,0,0,0,0,1,1,0,0,0,0,0,test
0.6636556698539826,0.49155038203843726,-0.5902839691482824,-0.2523031710955741,-1.4989844223888873,0.7008211198996881,58.2448,0,1,0,0,1,0,0,0,1,0,0,0,test
1.0791662744426904,1.404239875174671,1.6527432888593387,0.9990261125011666,-1.156743711793618,-0.10060137029654911,95.2278,0,0,0,0,0,1,1,0,0,0,0,0,test
-1.236533114200371,-0.4211391110977965,-0.839509220038018,0.18797935461439025,0.6400200188315464,-0.29060622179681844,25.7527,0,1,0,0,0,1,1,0,0,0,0,0,test
-0.8653635693339594,1.404239875174671,0.9762747507300561,-0.8547950483828942,1.1533810847244503,-0.9039495853390729,27.4415,0,0,0,1,1,0,0,0,0,0,0,0,test
0.21924864432265512,0.49155038203843726,-0.5902839691482824,-0.7389312258276403,-1.6701047776865219,-0.9174296592630785,34.952,0,1,0,0,1,0,1,0,0,0,0,0,test
0.38764502843654375,-0.4211391110977965,0.4422206416806224,-0.9474861064270971,-0.13002158000780953,-0.19977619988030465,48.006600000000006,0,0,0,0,0,1,0,1,0,0,0,0,test
-0.9470706906199883,1.404239875174671,0.5371635944005217,1.369790344677979,0.8967005517779986,-0.5939078850869444,36.5375,0,0,0,0,1,0,0,1,0,0,0,0,test
-0.42544047119027983,-0.4211391110977965,-1.7295994017870737,-1.3645958676260108,-1.4989844223888873,0.4039385394305173,22.8766,0,0,0,0,1,0,1,0,0,0,1,0,test
0.2426647095692607,0.49155038203843726,1.118689179809905,-0.043748290496117594,-0.5578224682518964,1.8267282466952026,70.5144,0,0,0,0,1,0,0,0,0,0,0,0,test
0.20729150462226054,-1.3338286042340304,1.6408754197693505,-1.3182503386039093,-0.9000631788471659,-1.3677283191530747,29.0925,0,0,1,0,1,0,1,0,0,0,0,0,test
-0.5694243617491965,-0.4211391110977965,-1.2667525072775645,0.6514346448354054,1.067820907075633,-1.3317814553557266,35.016400000000004,0,0,0,0,1,0,1,0,0,1,0,0,test
-0.4094976182564205,-0.4211391110977965,1.73581837248925,1.3234448156558776,-0.6433826459007138,-1.635725026927948,41.6946,1,0,0,0,0,1,1,0,0,0,0,1,test
-1.1353956409012012,-0.4211391110977965,0.6439744162104083,-0.5535491097392343,0.041098775289824835,-1.509911003637229,13.0646,0,0,1,0,1,0,0,1,0,0,1,0,test
-0.26800479846841935,-1.3338286042340304,0.6083708089404458,0.6977801738575069,-1.0711835341448004,-1.2826754717754205,41.2036,0,1,0,0,1,0,0,1,0,0,0,0,test
-0.12352269375531967,-0.4211391110977965,-0.12743707463877324,0.7441257028796086,-0.8145030011983484,0.1917878521979531,55.3432,0,1,0,0,0,1,0,0,0,0,0,0,test
-0.2694994409309687,0.49155038203843726,0.6439744162104083,-0.7852767548497419,-1.6701047776865219,-0.5512209843275931,27.865,0,1,0,0,1,0,0,1,0,0,0,0,test
0.932193098958675,0.49155038203843726,-1.1006023400177407,-0.9938316354491986,1.1533810847244503,1.6431424780158885,87.7201,0,0,0,0,0,1,0,0,0,0,0,0,test
-0.30586907418633524,-0.4211391110977965,0.2998062126007734,1.4624814027221822,0.041098775289824835,1.2355307188852431,73.21499999999999,0,1,0,0,1,0,0,1,0,0,0,0,test
0.9346841697295903,0.49155038203843726,0.7151816307503334,1.485654167233233,-0.7289428235495312,-0.07909744284634966,102.4302,0,0,0,0,1,0,1,0,0,0,0,0,test
0.25711292004057096,1.404239875174671,0.050580961711037806,1.485654167233233,-0.9856233564959833,1.181289469048173,81.85180000000001,0,1,0,0,1,0,0,1,0,0,1,0,test
-0.04505396447148103,1.404239875174671,1.5459324670494512,-1.3182503386039093,-0.30114193530544436,-1.649847009134049,28.7716,0,0,0,0,0,0,1,0,0,0,0,0,test
0.9202359592582804,1.404239875174671,1.178028525259842,0.3270159416806949,0.8111403741291812,-0.24085832993441697,88.1462,1,0,0,0,1,0,0,1,0,0,0,0,test
-1.0028706758884958,-1.3338286042340304,0.0031094853510881216,-0.043748290496117594,0.8111403741291812,-0.2206382190484085,33.7491,1,0,0,0,1,0,1,0,0,0,0,0,test
0.8758948995359842,-1.3338286042340304,-1.0649987327477786,-0.4145125226729296,0.12665895293864227,0.05955474608627906,69.1938,1,0,0,0,1,0,1,0,0,0,0,0,test
-0.08715306049995315,0.49155038203843726,0.33540981987073587,0.7904712319017101,-0.04446140235899259,0.5689089679290619,66.9097,1,0,0,0,0,0,0,0,0,0,0,0,test
1.0542555667335354,-0.4211391110977965,-1.0768666018377657,0.41970699972489756,0.4688996635339115,0.3667078590689781,96.2845,1,0,0,0,0,1,0,1,0,1,0,0,test
-1.3017991683983574,-1.3338286042340304,0.026845223531062962,0.18797935461439025,0.7255801964803638,1.4306708366422765,45.6902,0,1,0,0,1,0,0,0,1,0,0,0,test
-0.9804510389502562,0.49155038203843726,-0.032494121918873874,0.6977801738575069,1.581181972968537,1.0253057564989654,60.32639999999999,1,0,0,0,1,0,0,1,0,0,0,0,test
-0.4917029536966326,-0.4211391110977965,1.4865931215995143,0.14163382559228868,1.4956217953197195,0.3772993457235539,61.8896,0,0,0,0,1,0,1,0,0,0,0,0,test
0.6357556772197287,-0.4211391110977965,0.4422206416806224,0.9063350544569639,-0.4722622906030792,1.759006922934127,96.546,0,1,0,0,0,1,0,0,0,0,0,0,test
0.22223792924775365,1.404239875174671,-0.5072088855183702,-0.5535491097392343,0.21221913058745967,-1.7085816169457877,37.1212,0,0,1,0,0,1,0,0,0,0,1,0,test
1.039309142108042,0.49155038203843726,1.7239505033992628,1.7869001058768927,-0.6433826459007138,-1.3786407599486983,105.144,0,0,0,1,1,0,0,1,0,0,0,0,test
-0.9709849700207772,-0.4211391110977965,0.014977354441075806,0.8136439964127609,-1.156743711793618,0.07528149899761921,26.1975,0,0,0,0,1,0,1,0,0,0,0,0,test
